transaction_id,employee,amount,currency,transaction_type,merchant,description,transaction_date,uploaded_at,risk_score,is_flagged,source
TXN-00001,employee_5,1351.24,KES,refund,Tech World,Refund processed,2025-02-09 08:00:00,2026-02-10 16:48:05.663942,30,0,simulated
TXN-00002,employee_5,1739.4,KES,sale,Client A,Office supplies purchase,2025-03-20 01:00:00,2026-02-10 16:48:05.664030,20,0,simulated
TXN-00003,employee_3,1676.89,KES,expense,Client A,Office supplies purchase,2025-02-11 11:00:00,2026-02-10 16:48:05.664073,0,0,simulated
TXN-00004,employee_8,772.29,KES,expense,Cafe Express,Office supplies purchase,2025-03-23 03:00:00,2026-02-10 16:48:05.664107,20,0,simulated
TXN-00005,employee_6,550.3,KES,expense,Online Store,Client payment,2025-03-22 08:00:00,2026-02-10 16:48:05.664148,0,0,simulated
TXN-00006,employee_1,60.94,KES,sale,Client B,Fuel reimbursement,2025-01-14 03:00:00,2026-02-10 16:48:05.664181,20,0,simulated
TXN-00007,employee_4,933.92,KES,sale,Tech World,Refund processed,2025-03-12 13:00:00,2026-02-10 16:48:05.664211,0,0,simulated
TXN-00008,employee_3,1417.14,KES,refund,Client B,Fuel reimbursement,2025-03-17 05:00:00,2026-02-10 16:48:05.664239,20,0,simulated
TXN-00009,employee_2,1102.16,KES,refund,Office Depot,Monthly operational cost,2025-01-01 13:00:00,2026-02-10 16:48:05.664269,0,0,simulated
TXN-00010,employee_3,1118.72,KES,expense,Tech World,Urgent procurement,2025-01-30 00:00:00,2026-02-10 16:48:05.664303,20,0,simulated
TXN-00011,employee_3,1624.65,KES,sale,Office Depot,Ad-hoc expense,2025-03-27 10:00:00,2026-02-10 16:48:05.664333,0,0,simulated
TXN-00012,employee_3,887.63,KES,refund,Office Depot,Ad-hoc expense,2025-03-13 09:00:00,2026-02-10 16:48:05.664364,0,0,simulated
TXN-00013,employee_2,1846.92,KES,expense,Office Depot,Client payment,2025-01-31 05:00:00,2026-02-10 16:48:05.664393,20,0,simulated
TXN-00014,employee_3,1340.76,KES,expense,Client B,Client payment,2025-02-18 03:00:00,2026-02-10 16:48:05.664422,20,0,simulated
TXN-00015,employee_3,1460.96,KES,expense,Tech World,Fuel reimbursement,2025-02-27 14:00:00,2026-02-10 16:48:05.664451,0,0,simulated
TXN-00016,employee_3,1921.75,KES,refund,Office Depot,Ad-hoc expense,2025-02-23 12:00:00,2026-02-10 16:48:05.664479,0,0,simulated
TXN-00017,employee_1,193.53,KES,sale,Client B,Ad-hoc expense,2025-03-27 14:00:00,2026-02-10 16:48:05.664507,0,0,simulated
TXN-00018,employee_6,573.43,KES,expense,Online Store,Fuel reimbursement,2025-02-13 13:00:00,2026-02-10 16:48:05.664540,0,0,simulated
TXN-00019,employee_8,479.14,KES,expense,Client A,Fuel reimbursement,2025-03-12 09:00:00,2026-02-10 16:48:05.664569,0,0,simulated
TXN-00020,employee_3,1406.05,KES,refund,Local Supplier,Refund processed,2025-03-18 08:00:00,2026-02-10 16:48:05.664611,0,0,simulated
TXN-00021,employee_2,1107.12,KES,expense,Cafe Express,Ad-hoc expense,2025-02-17 13:00:00,2026-02-10 16:48:05.664640,30,0,simulated
TXN-00022,employee_8,494.56,KES,refund,Client A,Client payment,2025-01-25 11:00:00,2026-02-10 16:48:05.664669,0,0,simulated
TXN-00023,employee_1,400.12,KES,expense,Fuel Station,Client payment,2025-02-13 13:00:00,2026-02-10 16:48:05.664698,0,0,simulated
TXN-00024,employee_5,640.81,KES,refund,Client B,Monthly operational cost,2025-02-22 14:00:00,2026-02-10 16:48:05.664726,0,0,simulated
TXN-00025,employee_3,1290.57,KES,refund,Cafe Express,Monthly operational cost,2025-03-29 11:00:00,2026-02-10 16:48:05.664754,0,0,simulated
TXN-00026,employee_2,1431.69,KES,sale,Tech World,Monthly operational cost,2025-01-08 15:00:00,2026-02-10 16:48:05.664789,0,0,simulated
TXN-00027,employee_5,1246.06,KES,refund,Cafe Express,Fuel reimbursement,2025-03-20 04:00:00,2026-02-10 16:48:05.664823,20,0,simulated
TXN-00028,employee_5,774.72,KES,refund,Local Supplier,Refund processed,2025-01-19 15:00:00,2026-02-10 16:48:05.664852,0,0,simulated
TXN-00029,employee_3,1113.12,KES,sale,Client B,Client payment,2025-02-09 00:00:00,2026-02-10 16:48:05.664881,20,0,simulated
TXN-00030,employee_4,1542.58,KES,refund,Local Supplier,Refund processed,2025-01-16 16:00:00,2026-02-10 16:48:05.664914,0,0,simulated
TXN-00031,employee_2,1307.16,KES,sale,Tech World,Fuel reimbursement,2025-01-20 16:00:00,2026-02-10 16:48:05.664943,0,0,simulated
TXN-00032,employee_6,659.64,KES,expense,Client B,Refund processed,2025-03-23 10:00:00,2026-02-10 16:48:05.664971,0,0,simulated
TXN-00033,employee_6,585.12,KES,expense,Office Depot,Monthly operational cost,2025-02-02 08:00:00,2026-02-10 16:48:05.665000,0,0,simulated
TXN-00034,employee_4,1384.19,KES,expense,Local Supplier,Monthly operational cost,2025-03-03 05:00:00,2026-02-10 16:48:05.665029,20,0,simulated
TXN-00035,employee_3,1779.84,KES,sale,Client B,Ad-hoc expense,2025-01-11 12:00:00,2026-02-10 16:48:05.665056,0,0,simulated
TXN-00036,employee_2,13837.69,KES,expense,Client B,Office supplies purchase,2025-01-21 12:00:00,2026-02-10 16:48:05.665088,70,1,simulated
TXN-00037,employee_8,1705.6,KES,sale,Fuel Station,Refund processed,2025-03-31 00:00:00,2026-02-10 16:48:05.665124,20,0,simulated
TXN-00038,employee_7,1918.16,KES,refund,Office Depot,Client payment,2025-02-20 10:00:00,2026-02-10 16:48:05.665154,0,0,simulated
TXN-00039,employee_8,705.62,KES,refund,Office Depot,Office supplies purchase,2025-03-28 10:00:00,2026-02-10 16:48:05.665182,0,0,simulated
TXN-00040,employee_4,2344.14,KES,refund,Client A,Client payment,2025-01-15 17:00:00,2026-02-10 16:48:05.665215,20,0,simulated
TXN-00041,employee_4,1516.72,KES,expense,Office Depot,Urgent procurement,2025-03-24 17:00:00,2026-02-10 16:48:05.665243,0,0,simulated
TXN-00042,employee_2,1654.46,KES,refund,Cafe Express,Office supplies purchase,2025-02-07 05:00:00,2026-02-10 16:48:05.665272,20,0,simulated
TXN-00043,employee_6,463.53,KES,refund,Client B,Urgent procurement,2025-01-04 08:00:00,2026-02-10 16:48:05.665300,0,0,simulated
TXN-00044,employee_4,1509.92,KES,expense,Cafe Express,Client payment,2025-01-28 01:00:00,2026-02-10 16:48:05.665327,20,0,simulated
TXN-00045,employee_1,810.54,KES,refund,Local Supplier,Client payment,2025-03-29 05:00:00,2026-02-10 16:48:05.665355,20,0,simulated
TXN-00046,employee_1,396.12,KES,expense,Office Depot,Monthly operational cost,2025-02-13 12:00:00,2026-02-10 16:48:05.665383,0,0,simulated
TXN-00047,employee_3,1865.68,KES,sale,Cafe Express,Client payment,2025-02-07 04:00:00,2026-02-10 16:48:05.665412,50,1,simulated
TXN-00048,employee_2,1112.09,KES,refund,Local Supplier,Ad-hoc expense,2025-02-23 04:00:00,2026-02-10 16:48:05.665441,50,1,simulated
TXN-00049,employee_2,1503.71,KES,expense,Tech World,Office supplies purchase,2025-01-24 13:00:00,2026-02-10 16:48:05.665469,0,0,simulated
TXN-00050,employee_2,1517.28,KES,expense,Office Depot,Monthly operational cost,2025-01-29 15:00:00,2026-02-10 16:48:05.665506,0,0,simulated
TXN-00051,employee_1,569.67,KES,refund,Client A,Ad-hoc expense,2025-01-22 11:00:00,2026-02-10 16:48:05.665535,0,0,simulated
TXN-00052,employee_4,1580.1,KES,refund,Online Store,Urgent procurement,2025-03-22 04:00:00,2026-02-10 16:48:05.665564,20,0,simulated
TXN-00053,employee_5,1606.8,KES,expense,Cafe Express,Ad-hoc expense,2025-03-03 08:00:00,2026-02-10 16:48:05.665593,30,0,simulated
TXN-00054,employee_7,2237.81,KES,refund,Client A,Monthly operational cost,2025-01-20 16:00:00,2026-02-10 16:48:05.665623,20,0,simulated
TXN-00055,employee_7,982.66,KES,sale,Tech World,Monthly operational cost,2025-01-12 12:00:00,2026-02-10 16:48:05.665652,0,0,simulated
TXN-00056,employee_1,266.12,KES,expense,Online Store,Monthly operational cost,2025-02-07 00:00:00,2026-02-10 16:48:05.665681,20,0,simulated
TXN-00057,employee_3,1530.54,KES,expense,Client B,Ad-hoc expense,2025-03-03 04:00:00,2026-02-10 16:48:05.665709,20,0,simulated
TXN-00058,employee_8,433.03,KES,refund,Office Depot,Client payment,2025-03-25 09:00:00,2026-02-10 16:48:05.665749,0,0,simulated
TXN-00059,employee_1,703.85,KES,sale,Client A,Refund processed,2025-03-18 15:00:00,2026-02-10 16:48:05.665774,0,0,simulated
TXN-00060,employee_8,903.68,KES,expense,Local Supplier,Ad-hoc expense,2025-01-29 03:00:00,2026-02-10 16:48:05.665804,20,0,simulated
TXN-00061,employee_1,273.57,KES,refund,Client A,Ad-hoc expense,2025-01-06 15:00:00,2026-02-10 16:48:05.665829,0,0,simulated
TXN-00062,employee_1,150.32,KES,expense,Local Supplier,Refund processed,2025-03-04 15:00:00,2026-02-10 16:48:05.665852,0,0,simulated
TXN-00063,employee_6,635.64,KES,refund,Cafe Express,Office supplies purchase,2025-03-19 04:00:00,2026-02-10 16:48:05.665877,20,0,simulated
TXN-00064,employee_4,1644.15,KES,sale,Cafe Express,Ad-hoc expense,2025-03-09 13:00:00,2026-02-10 16:48:05.665901,0,0,simulated
TXN-00065,employee_2,914.67,KES,refund,Office Depot,Client payment,2025-02-04 00:00:00,2026-02-10 16:48:05.665925,20,0,simulated
TXN-00066,employee_8,628.82,KES,sale,Client A,Refund processed,2025-02-01 03:00:00,2026-02-10 16:48:05.665952,20,0,simulated
TXN-00067,employee_1,1013.8,KES,refund,Tech World,Refund processed,2025-01-24 17:00:00,2026-02-10 16:48:05.665975,0,0,simulated
TXN-00068,employee_5,737.25,KES,expense,Cafe Express,Fuel reimbursement,2025-02-21 04:00:00,2026-02-10 16:48:05.666024,20,0,simulated
TXN-00069,employee_7,1468.29,KES,expense,Local Supplier,Ad-hoc expense,2025-01-29 10:00:00,2026-02-10 16:48:05.666061,0,0,simulated
TXN-00070,employee_7,1515.82,KES,refund,Fuel Station,Fuel reimbursement,2025-02-09 11:00:00,2026-02-10 16:48:05.666127,0,0,simulated
TXN-00071,employee_2,119.68,KES,sale,Cafe Express,Fuel reimbursement,2025-01-25 04:00:00,2026-02-10 16:48:05.666158,20,0,simulated
TXN-00072,employee_2,1071.52,KES,refund,Online Store,Office supplies purchase,2025-02-03 15:00:00,2026-02-10 16:48:05.666202,0,0,simulated
TXN-00073,employee_4,1782.74,KES,refund,Tech World,Refund processed,2025-03-31 09:00:00,2026-02-10 16:48:05.666263,0,0,simulated
TXN-00074,employee_6,737.1,KES,expense,Client B,Refund processed,2025-03-07 04:00:00,2026-02-10 16:48:05.666288,20,0,simulated
TXN-00075,employee_3,1826.53,KES,refund,Client B,Office supplies purchase,2025-03-09 04:00:00,2026-02-10 16:48:05.666312,20,0,simulated
TXN-00076,employee_1,46.67,KES,sale,Tech World,Urgent procurement,2025-02-07 14:00:00,2026-02-10 16:48:05.666336,0,0,simulated
TXN-00077,employee_4,1729.98,KES,sale,Cafe Express,Urgent procurement,2025-03-11 09:00:00,2026-02-10 16:48:05.666373,0,0,simulated
TXN-00078,employee_5,1080.25,KES,expense,Fuel Station,Fuel reimbursement,2025-03-18 18:00:00,2026-02-10 16:48:05.666397,0,0,simulated
TXN-00079,employee_7,1361.24,KES,sale,Office Depot,Refund processed,2025-02-22 13:00:00,2026-02-10 16:48:05.666418,0,0,simulated
TXN-00080,employee_6,225.88,KES,refund,Client B,Client payment,2025-02-10 17:00:00,2026-02-10 16:48:05.666443,0,0,simulated
TXN-00081,employee_4,1354.62,KES,sale,Office Depot,Urgent procurement,2025-02-06 16:00:00,2026-02-10 16:48:05.666463,0,0,simulated
TXN-00082,employee_6,378.71,KES,sale,Client A,Monthly operational cost,2025-01-03 05:00:00,2026-02-10 16:48:05.666484,20,0,simulated
TXN-00083,employee_2,1736.13,KES,refund,Client B,Client payment,2025-01-28 18:00:00,2026-02-10 16:48:05.666504,0,0,simulated
TXN-00084,employee_1,83.46,KES,refund,Online Store,Fuel reimbursement,2025-02-15 15:00:00,2026-02-10 16:48:05.666525,0,0,simulated
TXN-00085,employee_8,207.95,KES,sale,Cafe Express,Urgent procurement,2025-03-27 02:00:00,2026-02-10 16:48:05.666546,20,0,simulated
TXN-00086,employee_2,1280.91,KES,sale,Client A,Refund processed,2025-02-23 02:00:00,2026-02-10 16:48:05.666566,20,0,simulated
TXN-00087,employee_8,1103.12,KES,sale,Client A,Fuel reimbursement,2025-02-09 08:00:00,2026-02-10 16:48:05.666594,0,0,simulated
TXN-00088,employee_3,1464.72,KES,refund,Cafe Express,Refund processed,2025-02-07 01:00:00,2026-02-10 16:48:05.666616,50,1,simulated
TXN-00089,employee_3,1275.93,KES,expense,Cafe Express,Monthly operational cost,2025-01-27 12:00:00,2026-02-10 16:48:05.666636,0,0,simulated
TXN-00090,employee_8,788.06,KES,refund,Local Supplier,Fuel reimbursement,2025-01-22 08:00:00,2026-02-10 16:48:05.666661,0,0,simulated
TXN-00091,employee_5,525.87,KES,expense,Tech World,Fuel reimbursement,2025-03-25 13:00:00,2026-02-10 16:48:05.666681,0,0,simulated
TXN-00092,employee_7,1179.2,KES,refund,Cafe Express,Monthly operational cost,2025-03-06 17:00:00,2026-02-10 16:48:05.666702,0,0,simulated
TXN-00093,employee_6,367.6,KES,refund,Tech World,Refund processed,2025-01-15 02:00:00,2026-02-10 16:48:05.666723,20,0,simulated
TXN-00094,employee_7,1634.68,KES,refund,Cafe Express,Monthly operational cost,2025-01-02 09:00:00,2026-02-10 16:48:05.666746,0,0,simulated
TXN-00095,employee_2,1241.15,KES,expense,Online Store,Refund processed,2025-01-05 13:00:00,2026-02-10 16:48:05.666766,0,0,simulated
TXN-00096,employee_3,1937.15,KES,sale,Online Store,Office supplies purchase,2025-01-25 12:00:00,2026-02-10 16:48:05.666787,0,0,simulated
TXN-00097,employee_7,2625.2,KES,sale,Tech World,Client payment,2025-02-28 17:00:00,2026-02-10 16:48:05.666808,0,0,simulated
TXN-00098,employee_2,565.94,KES,sale,Client A,Fuel reimbursement,2025-03-20 15:00:00,2026-02-10 16:48:05.666827,0,0,simulated
TXN-00099,employee_1,433.78,KES,sale,Local Supplier,Refund processed,2025-01-31 10:00:00,2026-02-10 16:48:05.666868,0,0,simulated
TXN-00100,employee_5,1698.77,KES,sale,Tech World,Client payment,2025-03-07 16:00:00,2026-02-10 16:48:05.666927,0,0,simulated
TXN-00101,employee_8,7254.26,KES,sale,Local Supplier,Client payment,2025-02-13 18:00:00,2026-02-10 16:48:05.666981,40,1,simulated
TXN-00102,employee_8,1005.27,KES,expense,Local Supplier,Refund processed,2025-02-28 08:00:00,2026-02-10 16:48:05.667012,0,0,simulated
TXN-00103,employee_8,1011.76,KES,sale,Client B,Client payment,2025-01-20 12:00:00,2026-02-10 16:48:05.667057,30,0,simulated
TXN-00104,employee_3,1136.43,KES,expense,Office Depot,Client payment,2025-02-09 14:00:00,2026-02-10 16:48:05.667083,0,0,simulated
TXN-00105,employee_2,1929.31,KES,expense,Client A,Fuel reimbursement,2025-03-10 04:00:00,2026-02-10 16:48:05.667108,20,0,simulated
TXN-00106,employee_7,1036.75,KES,refund,Online Store,Refund processed,2025-01-19 05:00:00,2026-02-10 16:48:05.667135,20,0,simulated
TXN-00107,employee_2,996.79,KES,refund,Tech World,Ad-hoc expense,2025-03-23 04:00:00,2026-02-10 16:48:05.667161,20,0,simulated
TXN-00108,employee_1,27.62,KES,expense,Cafe Express,Fuel reimbursement,2025-01-24 16:00:00,2026-02-10 16:48:05.667198,0,0,simulated
TXN-00109,employee_4,1103.64,KES,expense,Office Depot,Client payment,2025-02-03 01:00:00,2026-02-10 16:48:05.667217,20,0,simulated
TXN-00110,employee_2,1278.92,KES,expense,Office Depot,Fuel reimbursement,2025-03-12 16:00:00,2026-02-10 16:48:05.667241,0,0,simulated
TXN-00111,employee_7,520.43,KES,sale,Tech World,Client payment,2025-03-07 11:00:00,2026-02-10 16:48:05.667265,0,0,simulated
TXN-00112,employee_8,466.28,KES,sale,Online Store,Client payment,2025-01-02 04:00:00,2026-02-10 16:48:05.667287,20,0,simulated
TXN-00113,employee_7,1672.64,KES,expense,Office Depot,Client payment,2025-02-26 16:00:00,2026-02-10 16:48:05.667309,0,0,simulated
TXN-00114,employee_2,1146.06,KES,sale,Local Supplier,Office supplies purchase,2025-01-30 03:00:00,2026-02-10 16:48:05.667330,20,0,simulated
TXN-00115,employee_8,1040.33,KES,refund,Local Supplier,Urgent procurement,2025-01-02 05:00:00,2026-02-10 16:48:05.667350,20,0,simulated
TXN-00116,employee_8,752.87,KES,expense,Office Depot,Monthly operational cost,2025-03-21 11:00:00,2026-02-10 16:48:05.667371,0,0,simulated
TXN-00117,employee_8,460.12,KES,expense,Office Depot,Fuel reimbursement,2025-02-10 15:00:00,2026-02-10 16:48:05.667392,0,0,simulated
TXN-00118,employee_8,246.51,KES,sale,Client A,Office supplies purchase,2025-02-04 09:00:00,2026-02-10 16:48:05.667411,0,0,simulated
TXN-00119,employee_3,1368.99,KES,refund,Tech World,Client payment,2025-03-10 01:00:00,2026-02-10 16:48:05.667437,20,0,simulated
TXN-00120,employee_3,1656.44,KES,expense,Online Store,Ad-hoc expense,2025-03-12 13:00:00,2026-02-10 16:48:05.667461,30,0,simulated
TXN-00121,employee_5,8347.74,KES,refund,Office Depot,Office supplies purchase,2025-03-09 02:00:00,2026-02-10 16:48:05.667489,80,1,simulated
TXN-00122,employee_1,175.62,KES,expense,Tech World,Refund processed,2025-03-01 13:00:00,2026-02-10 16:48:05.667511,0,0,simulated
TXN-00123,employee_1,275.0,KES,expense,Online Store,Fuel reimbursement,2025-01-01 04:00:00,2026-02-10 16:48:05.667532,20,0,simulated
TXN-00124,employee_3,2066.57,KES,expense,Tech World,Refund processed,2025-01-20 16:00:00,2026-02-10 16:48:05.667552,0,0,simulated
TXN-00125,employee_5,938.84,KES,refund,Local Supplier,Monthly operational cost,2025-02-23 12:00:00,2026-02-10 16:48:05.667572,0,0,simulated
TXN-00126,employee_5,126.23,KES,refund,Cafe Express,Fuel reimbursement,2025-01-21 09:00:00,2026-02-10 16:48:05.667594,0,0,simulated
TXN-00127,employee_8,445.14,KES,expense,Online Store,Fuel reimbursement,2025-03-09 14:00:00,2026-02-10 16:48:05.667613,0,0,simulated
TXN-00128,employee_7,4142.12,KES,sale,Office Depot,Monthly operational cost,2025-03-15 08:00:00,2026-02-10 16:48:05.667635,40,1,simulated
TXN-00129,employee_4,655.32,KES,sale,Tech World,Urgent procurement,2025-03-10 15:00:00,2026-02-10 16:48:05.667655,0,0,simulated
TXN-00130,employee_4,1514.88,KES,sale,Local Supplier,Urgent procurement,2025-01-02 11:00:00,2026-02-10 16:48:05.667681,0,0,simulated
TXN-00131,employee_3,889.73,KES,sale,Tech World,Monthly operational cost,2025-01-27 09:00:00,2026-02-10 16:48:05.667703,0,0,simulated
TXN-00132,employee_3,1396.96,KES,sale,Local Supplier,Monthly operational cost,2025-03-19 18:00:00,2026-02-10 16:48:05.667724,0,0,simulated
TXN-00133,employee_7,595.88,KES,refund,Online Store,Office supplies purchase,2025-01-23 12:00:00,2026-02-10 16:48:05.667748,0,0,simulated
TXN-00134,employee_5,232.15,KES,sale,Fuel Station,Urgent procurement,2025-03-04 12:00:00,2026-02-10 16:48:05.667768,0,0,simulated
TXN-00135,employee_3,1348.78,KES,refund,Online Store,Refund processed,2025-01-06 15:00:00,2026-02-10 16:48:05.667787,0,0,simulated
TXN-00136,employee_4,1691.84,KES,refund,Fuel Station,Fuel reimbursement,2025-02-11 00:00:00,2026-02-10 16:48:05.667809,20,0,simulated
TXN-00137,employee_5,98.91,KES,expense,Tech World,Urgent procurement,2025-01-30 14:00:00,2026-02-10 16:48:05.667829,0,0,simulated
TXN-00138,employee_5,587.97,KES,refund,Tech World,Ad-hoc expense,2025-03-04 12:00:00,2026-02-10 16:48:05.667849,0,0,simulated
TXN-00139,employee_7,1460.52,KES,sale,Client A,Ad-hoc expense,2025-03-01 12:00:00,2026-02-10 16:48:05.667870,0,0,simulated
TXN-00140,employee_6,473.86,KES,sale,Fuel Station,Client payment,2025-01-16 08:00:00,2026-02-10 16:48:05.667893,0,0,simulated
TXN-00141,employee_3,1216.82,KES,expense,Online Store,Ad-hoc expense,2025-03-28 08:00:00,2026-02-10 16:48:05.667914,0,0,simulated
TXN-00142,employee_3,2083.48,KES,expense,Client B,Refund processed,2025-01-25 09:00:00,2026-02-10 16:48:05.667934,0,0,simulated
TXN-00143,employee_6,660.19,KES,refund,Fuel Station,Urgent procurement,2025-03-20 00:00:00,2026-02-10 16:48:05.667956,20,0,simulated
TXN-00144,employee_5,220.62,KES,expense,Office Depot,Refund processed,2025-03-26 12:00:00,2026-02-10 16:48:05.667975,0,0,simulated
TXN-00145,employee_4,1392.49,KES,refund,Client A,Client payment,2025-01-23 15:00:00,2026-02-10 16:48:05.668017,0,0,simulated
TXN-00146,employee_5,801.01,KES,refund,Client A,Fuel reimbursement,2025-02-08 10:00:00,2026-02-10 16:48:05.668061,0,0,simulated
TXN-00147,employee_8,836.68,KES,sale,Client B,Client payment,2025-01-11 09:00:00,2026-02-10 16:48:05.668086,0,0,simulated
TXN-00148,employee_7,1165.18,KES,expense,Office Depot,Monthly operational cost,2025-01-03 13:00:00,2026-02-10 16:48:05.668110,0,0,simulated
TXN-00149,employee_5,1029.4,KES,sale,Client A,Refund processed,2025-02-06 04:00:00,2026-02-10 16:48:05.668135,20,0,simulated
TXN-00150,employee_1,856.23,KES,refund,Cafe Express,Refund processed,2025-03-07 04:00:00,2026-02-10 16:48:05.668165,20,0,simulated
TXN-00151,employee_2,1538.13,KES,sale,Office Depot,Fuel reimbursement,2025-01-23 15:00:00,2026-02-10 16:48:05.668190,0,0,simulated
TXN-00152,employee_8,1043.99,KES,expense,Fuel Station,Monthly operational cost,2025-02-20 12:00:00,2026-02-10 16:48:05.668214,0,0,simulated
TXN-00153,employee_6,623.92,KES,sale,Fuel Station,Monthly operational cost,2025-02-19 03:00:00,2026-02-10 16:48:05.668242,20,0,simulated
TXN-00154,employee_6,3839.56,KES,refund,Fuel Station,Office supplies purchase,2025-01-14 00:00:00,2026-02-10 16:48:05.668268,40,1,simulated
TXN-00155,employee_3,1812.23,KES,refund,Online Store,Office supplies purchase,2025-02-26 16:00:00,2026-02-10 16:48:05.668293,0,0,simulated
TXN-00156,employee_7,1752.08,KES,refund,Online Store,Monthly operational cost,2025-01-28 13:00:00,2026-02-10 16:48:05.668316,0,0,simulated
TXN-00157,employee_2,2937.73,KES,refund,Office Depot,Urgent procurement,2025-03-16 11:00:00,2026-02-10 16:48:05.668340,20,0,simulated
TXN-00158,employee_2,1021.45,KES,sale,Client A,Client payment,2025-03-06 01:00:00,2026-02-10 16:48:05.668364,20,0,simulated
TXN-00159,employee_1,698.29,KES,refund,Office Depot,Client payment,2025-01-16 04:00:00,2026-02-10 16:48:05.668388,20,0,simulated
TXN-00160,employee_6,382.59,KES,sale,Client B,Client payment,2025-01-07 15:00:00,2026-02-10 16:48:05.668417,0,0,simulated
TXN-00161,employee_7,1633.05,KES,expense,Cafe Express,Ad-hoc expense,2025-02-09 04:00:00,2026-02-10 16:48:05.668442,20,0,simulated
TXN-00162,employee_6,743.32,KES,refund,Local Supplier,Ad-hoc expense,2025-03-12 11:00:00,2026-02-10 16:48:05.668467,30,0,simulated
TXN-00163,employee_7,1760.37,KES,sale,Client B,Client payment,2025-03-15 03:00:00,2026-02-10 16:48:05.668492,20,0,simulated
TXN-00164,employee_7,1462.66,KES,refund,Local Supplier,Client payment,2025-01-14 01:00:00,2026-02-10 16:48:05.668517,50,1,simulated
TXN-00165,employee_1,546.72,KES,expense,Office Depot,Monthly operational cost,2025-01-17 03:00:00,2026-02-10 16:48:05.668569,20,0,simulated
TXN-00166,employee_7,1389.74,KES,refund,Client A,Ad-hoc expense,2025-03-21 15:00:00,2026-02-10 16:48:05.668620,0,0,simulated
TXN-00167,employee_8,473.86,KES,refund,Online Store,Client payment,2025-03-15 04:00:00,2026-02-10 16:48:05.668646,50,1,simulated
TXN-00168,employee_5,1465.55,KES,sale,Office Depot,Fuel reimbursement,2025-02-02 10:00:00,2026-02-10 16:48:05.668670,0,0,simulated
TXN-00169,employee_8,935.41,KES,refund,Client A,Fuel reimbursement,2025-02-02 16:00:00,2026-02-10 16:48:05.668694,0,0,simulated
TXN-00170,employee_8,1248.15,KES,refund,Client A,Monthly operational cost,2025-01-21 12:00:00,2026-02-10 16:48:05.668722,0,0,simulated
TXN-00171,employee_6,374.29,KES,expense,Tech World,Client payment,2025-02-21 18:00:00,2026-02-10 16:48:05.668745,0,0,simulated
TXN-00172,employee_8,59.39,KES,sale,Cafe Express,Ad-hoc expense,2025-01-28 14:00:00,2026-02-10 16:48:05.668792,0,0,simulated
TXN-00173,employee_6,578.12,KES,expense,Local Supplier,Ad-hoc expense,2025-02-02 15:00:00,2026-02-10 16:48:05.668820,0,0,simulated
TXN-00174,employee_3,1251.59,KES,expense,Online Store,Client payment,2025-03-14 04:00:00,2026-02-10 16:48:05.668851,20,0,simulated
TXN-00175,employee_2,1739.53,KES,refund,Local Supplier,Monthly operational cost,2025-01-01 02:00:00,2026-02-10 16:48:05.668890,20,0,simulated
TXN-00176,employee_1,589.7,KES,refund,Client A,Refund processed,2025-02-17 12:00:00,2026-02-10 16:48:05.668915,0,0,simulated
TXN-00177,employee_8,1114.17,KES,refund,Office Depot,Monthly operational cost,2025-01-21 02:00:00,2026-02-10 16:48:05.668938,20,0,simulated
TXN-00178,employee_6,356.59,KES,refund,Cafe Express,Client payment,2025-01-04 10:00:00,2026-02-10 16:48:05.668963,0,0,simulated
TXN-00179,employee_6,523.27,KES,sale,Client A,Office supplies purchase,2025-02-26 08:00:00,2026-02-10 16:48:05.668987,0,0,simulated
TXN-00180,employee_2,704.53,KES,sale,Client B,Fuel reimbursement,2025-03-16 18:00:00,2026-02-10 16:48:05.669041,0,0,simulated
TXN-00181,employee_8,495.23,KES,refund,Tech World,Urgent procurement,2025-01-01 18:00:00,2026-02-10 16:48:05.669071,0,0,simulated
TXN-00182,employee_4,1065.34,KES,refund,Tech World,Client payment,2025-02-17 17:00:00,2026-02-10 16:48:05.669099,0,0,simulated
TXN-00183,employee_3,1705.74,KES,expense,Fuel Station,Office supplies purchase,2025-01-17 10:00:00,2026-02-10 16:48:05.669160,0,0,simulated
TXN-00184,employee_3,1831.41,KES,sale,Office Depot,Office supplies purchase,2025-01-04 11:00:00,2026-02-10 16:48:05.669189,0,0,simulated
TXN-00185,employee_7,1125.53,KES,expense,Tech World,Ad-hoc expense,2025-03-05 13:00:00,2026-02-10 16:48:05.669217,0,0,simulated
TXN-00186,employee_2,1421.72,KES,expense,Fuel Station,Office supplies purchase,2025-01-01 05:00:00,2026-02-10 16:48:05.669245,20,0,simulated
TXN-00187,employee_2,1952.9,KES,refund,Client B,Monthly operational cost,2025-03-01 16:00:00,2026-02-10 16:48:05.669274,0,0,simulated
TXN-00188,employee_6,842.0,KES,refund,Fuel Station,Ad-hoc expense,2025-03-04 15:00:00,2026-02-10 16:48:05.669304,0,0,simulated
TXN-00189,employee_7,743.22,KES,refund,Cafe Express,Ad-hoc expense,2025-02-05 09:00:00,2026-02-10 16:48:05.669333,0,0,simulated
TXN-00190,employee_6,768.03,KES,refund,Local Supplier,Monthly operational cost,2025-03-28 11:00:00,2026-02-10 16:48:05.669401,0,0,simulated
TXN-00191,employee_8,858.03,KES,sale,Local Supplier,Urgent procurement,2025-01-21 11:00:00,2026-02-10 16:48:05.669430,0,0,simulated
TXN-00192,employee_5,193.86,KES,refund,Cafe Express,Urgent procurement,2025-02-21 00:00:00,2026-02-10 16:48:05.669461,20,0,simulated
TXN-00193,employee_8,810.62,KES,sale,Office Depot,Urgent procurement,2025-03-17 00:00:00,2026-02-10 16:48:05.669491,20,0,simulated
TXN-00194,employee_2,1229.49,KES,expense,Office Depot,Ad-hoc expense,2025-01-06 17:00:00,2026-02-10 16:48:05.669520,0,0,simulated
TXN-00195,employee_2,7295.6,KES,sale,Cafe Express,Ad-hoc expense,2025-03-13 12:00:00,2026-02-10 16:48:05.669552,40,1,simulated
TXN-00196,employee_5,13731.49,KES,refund,Client B,Ad-hoc expense,2025-03-30 03:00:00,2026-02-10 16:48:05.669602,110,1,simulated
TXN-00197,employee_3,17251.78,KES,expense,Office Depot,Fuel reimbursement,2025-03-23 13:00:00,2026-02-10 16:48:05.669630,40,1,simulated
TXN-00198,employee_5,807.57,KES,sale,Client A,Fuel reimbursement,2025-01-21 00:00:00,2026-02-10 16:48:05.669655,20,0,simulated
TXN-00199,employee_7,1231.66,KES,refund,Client A,Ad-hoc expense,2025-01-19 04:00:00,2026-02-10 16:48:05.669680,20,0,simulated
TXN-00200,employee_1,306.18,KES,refund,Local Supplier,Ad-hoc expense,2025-03-01 02:00:00,2026-02-10 16:48:05.669707,20,0,simulated
TXN-00201,employee_1,578.32,KES,refund,Local Supplier,Fuel reimbursement,2025-02-14 05:00:00,2026-02-10 16:48:05.669731,20,0,simulated
TXN-00202,employee_2,803.64,KES,expense,Online Store,Client payment,2025-02-26 16:00:00,2026-02-10 16:48:05.669755,0,0,simulated
TXN-00203,employee_6,658.43,KES,refund,Office Depot,Urgent procurement,2025-01-24 11:00:00,2026-02-10 16:48:05.669779,30,0,simulated
TXN-00204,employee_6,1093.83,KES,refund,Online Store,Ad-hoc expense,2025-03-23 05:00:00,2026-02-10 16:48:05.669803,20,0,simulated
TXN-00205,employee_2,1698.72,KES,refund,Tech World,Client payment,2025-02-15 09:00:00,2026-02-10 16:48:05.669826,0,0,simulated
TXN-00206,employee_3,1619.88,KES,sale,Online Store,Fuel reimbursement,2025-02-14 09:00:00,2026-02-10 16:48:05.669850,0,0,simulated
TXN-00207,employee_2,1369.23,KES,sale,Client B,Fuel reimbursement,2025-02-26 02:00:00,2026-02-10 16:48:05.669874,20,0,simulated
TXN-00208,employee_3,1505.44,KES,refund,Tech World,Client payment,2025-02-20 16:00:00,2026-02-10 16:48:05.669897,0,0,simulated
TXN-00209,employee_8,779.42,KES,expense,Client B,Urgent procurement,2025-01-30 18:00:00,2026-02-10 16:48:05.669920,0,0,simulated
TXN-00210,employee_1,710.78,KES,refund,Client A,Ad-hoc expense,2025-01-19 17:00:00,2026-02-10 16:48:05.669948,0,0,simulated
TXN-00211,employee_2,1308.42,KES,expense,Tech World,Fuel reimbursement,2025-02-01 15:00:00,2026-02-10 16:48:05.669972,0,0,simulated
TXN-00212,employee_1,180.49,KES,sale,Local Supplier,Refund processed,2025-03-16 00:00:00,2026-02-10 16:48:05.669995,20,0,simulated
TXN-00213,employee_6,378.9,KES,refund,Local Supplier,Monthly operational cost,2025-03-14 08:00:00,2026-02-10 16:48:05.670020,0,0,simulated
TXN-00214,employee_7,802.57,KES,sale,Local Supplier,Monthly operational cost,2025-01-26 18:00:00,2026-02-10 16:48:05.670043,0,0,simulated
TXN-00215,employee_7,714.31,KES,refund,Tech World,Ad-hoc expense,2025-03-16 14:00:00,2026-02-10 16:48:05.670066,0,0,simulated
TXN-00216,employee_3,1599.61,KES,sale,Local Supplier,Monthly operational cost,2025-02-02 00:00:00,2026-02-10 16:48:05.670089,20,0,simulated
TXN-00217,employee_3,1374.45,KES,expense,Tech World,Ad-hoc expense,2025-03-21 03:00:00,2026-02-10 16:48:05.670113,20,0,simulated
TXN-00218,employee_5,1722.07,KES,refund,Local Supplier,Urgent procurement,2025-02-19 05:00:00,2026-02-10 16:48:05.670136,50,1,simulated
TXN-00219,employee_3,737.94,KES,expense,Online Store,Urgent procurement,2025-02-21 16:00:00,2026-02-10 16:48:05.670159,0,0,simulated
TXN-00220,employee_3,1666.09,KES,sale,Client A,Refund processed,2025-03-25 10:00:00,2026-02-10 16:48:05.670186,0,0,simulated
TXN-00221,employee_1,156.62,KES,sale,Client A,Client payment,2025-03-26 04:00:00,2026-02-10 16:48:05.670209,20,0,simulated
TXN-00222,employee_8,1136.3,KES,expense,Office Depot,Office supplies purchase,2025-03-16 16:00:00,2026-02-10 16:48:05.670233,0,0,simulated
TXN-00223,employee_6,713.77,KES,refund,Tech World,Fuel reimbursement,2025-01-10 14:00:00,2026-02-10 16:48:05.670256,0,0,simulated
TXN-00224,employee_8,628.5,KES,expense,Online Store,Client payment,2025-01-06 16:00:00,2026-02-10 16:48:05.670279,0,0,simulated
TXN-00225,employee_6,346.61,KES,expense,Local Supplier,Office supplies purchase,2025-01-11 17:00:00,2026-02-10 16:48:05.670303,0,0,simulated
TXN-00226,employee_8,924.76,KES,refund,Tech World,Refund processed,2025-02-15 13:00:00,2026-02-10 16:48:05.670326,0,0,simulated
TXN-00227,employee_6,686.27,KES,sale,Office Depot,Urgent procurement,2025-03-20 09:00:00,2026-02-10 16:48:05.670350,0,0,simulated
TXN-00228,employee_3,1144.63,KES,expense,Client B,Urgent procurement,2025-02-19 17:00:00,2026-02-10 16:48:05.670378,0,0,simulated
TXN-00229,employee_2,178.49,KES,sale,Local Supplier,Refund processed,2025-03-08 02:00:00,2026-02-10 16:48:05.670401,20,0,simulated
TXN-00230,employee_7,1540.64,KES,refund,Office Depot,Urgent procurement,2025-02-05 05:00:00,2026-02-10 16:48:05.670429,20,0,simulated
TXN-00231,employee_7,1344.67,KES,sale,Client B,Urgent procurement,2025-03-03 02:00:00,2026-02-10 16:48:05.670453,20,0,simulated
TXN-00232,employee_3,1150.4,KES,expense,Fuel Station,Monthly operational cost,2025-01-23 05:00:00,2026-02-10 16:48:05.670476,20,0,simulated
TXN-00233,employee_3,1589.18,KES,refund,Cafe Express,Urgent procurement,2025-01-18 08:00:00,2026-02-10 16:48:05.670499,0,0,simulated
TXN-00234,employee_2,356.22,KES,refund,Local Supplier,Office supplies purchase,2025-02-01 12:00:00,2026-02-10 16:48:05.670524,0,0,simulated
TXN-00235,employee_1,23.82,KES,refund,Fuel Station,Refund processed,2025-02-26 01:00:00,2026-02-10 16:48:05.670547,20,0,simulated
TXN-00236,employee_4,1087.34,KES,sale,Cafe Express,Ad-hoc expense,2025-01-20 16:00:00,2026-02-10 16:48:05.670571,0,0,simulated
TXN-00237,employee_3,11155.74,KES,sale,Cafe Express,Urgent procurement,2025-02-24 09:00:00,2026-02-10 16:48:05.670601,40,1,simulated
TXN-00238,employee_1,1772.55,KES,refund,Local Supplier,Fuel reimbursement,2025-01-19 09:00:00,2026-02-10 16:48:05.670629,0,0,simulated
TXN-00239,employee_7,1696.7,KES,expense,Client A,Urgent procurement,2025-02-10 14:00:00,2026-02-10 16:48:05.670654,0,0,simulated
TXN-00240,employee_8,906.84,KES,expense,Cafe Express,Fuel reimbursement,2025-02-06 13:00:00,2026-02-10 16:48:05.670681,0,0,simulated
TXN-00241,employee_6,446.96,KES,expense,Online Store,Fuel reimbursement,2025-02-06 16:00:00,2026-02-10 16:48:05.670704,30,0,simulated
TXN-00242,employee_8,621.75,KES,expense,Tech World,Ad-hoc expense,2025-02-27 16:00:00,2026-02-10 16:48:05.670728,0,0,simulated
TXN-00243,employee_4,1047.89,KES,sale,Office Depot,Refund processed,2025-02-06 11:00:00,2026-02-10 16:48:05.670751,0,0,simulated
TXN-00244,employee_6,442.23,KES,refund,Client A,Client payment,2025-02-28 13:00:00,2026-02-10 16:48:05.670775,0,0,simulated
TXN-00245,employee_2,1763.59,KES,refund,Fuel Station,Monthly operational cost,2025-01-03 15:00:00,2026-02-10 16:48:05.670799,0,0,simulated
TXN-00246,employee_5,1387.12,KES,expense,Online Store,Urgent procurement,2025-03-27 10:00:00,2026-02-10 16:48:05.670822,0,0,simulated
TXN-00247,employee_5,1629.91,KES,sale,Tech World,Urgent procurement,2025-03-01 12:00:00,2026-02-10 16:48:05.670850,0,0,simulated
TXN-00248,employee_2,1008.97,KES,sale,Client A,Monthly operational cost,2025-02-25 13:00:00,2026-02-10 16:48:05.670876,0,0,simulated
TXN-00249,employee_1,240.46,KES,sale,Tech World,Urgent procurement,2025-02-13 05:00:00,2026-02-10 16:48:05.670900,50,1,simulated
TXN-00250,employee_5,1995.67,KES,refund,Fuel Station,Refund processed,2025-03-09 15:00:00,2026-02-10 16:48:05.670927,0,0,simulated
TXN-00251,employee_6,314.9,KES,sale,Tech World,Client payment,2025-01-18 00:00:00,2026-02-10 16:48:05.670952,20,0,simulated
TXN-00252,employee_3,1264.35,KES,expense,Client B,Urgent procurement,2025-03-07 05:00:00,2026-02-10 16:48:05.670976,20,0,simulated
TXN-00253,employee_8,490.64,KES,expense,Local Supplier,Client payment,2025-01-17 10:00:00,2026-02-10 16:48:05.670998,30,0,simulated
TXN-00254,employee_7,2432.21,KES,sale,Cafe Express,Urgent procurement,2025-01-04 14:00:00,2026-02-10 16:48:05.671022,0,0,simulated
TXN-00255,employee_1,416.26,KES,refund,Cafe Express,Refund processed,2025-01-10 00:00:00,2026-02-10 16:48:05.671045,20,0,simulated
TXN-00256,employee_4,1373.22,KES,expense,Client B,Ad-hoc expense,2025-03-18 16:00:00,2026-02-10 16:48:05.671068,0,0,simulated
TXN-00257,employee_6,689.55,KES,sale,Tech World,Office supplies purchase,2025-02-03 16:00:00,2026-02-10 16:48:05.671091,0,0,simulated
TXN-00258,employee_1,113.17,KES,expense,Office Depot,Office supplies purchase,2025-02-20 04:00:00,2026-02-10 16:48:05.671115,20,0,simulated
TXN-00259,employee_8,1065.03,KES,sale,Local Supplier,Refund processed,2025-02-23 16:00:00,2026-02-10 16:48:05.671138,0,0,simulated
TXN-00260,employee_8,7963.86,KES,expense,Office Depot,Urgent procurement,2025-01-01 17:00:00,2026-02-10 16:48:05.671169,40,1,simulated
TXN-00261,employee_3,6877.57,KES,expense,Client B,Client payment,2025-03-10 01:00:00,2026-02-10 16:48:05.671195,60,1,simulated
TXN-00262,employee_8,27.03,KES,sale,Client A,Monthly operational cost,2025-03-06 16:00:00,2026-02-10 16:48:05.671219,0,0,simulated
TXN-00263,employee_7,141.55,KES,expense,Tech World,Ad-hoc expense,2025-03-16 08:00:00,2026-02-10 16:48:05.671243,0,0,simulated
TXN-00264,employee_3,1503.37,KES,sale,Online Store,Ad-hoc expense,2025-01-29 05:00:00,2026-02-10 16:48:05.671267,20,0,simulated
TXN-00265,employee_7,974.97,KES,sale,Tech World,Monthly operational cost,2025-03-02 14:00:00,2026-02-10 16:48:05.671291,0,0,simulated
TXN-00266,employee_6,462.92,KES,refund,Online Store,Refund processed,2025-03-29 17:00:00,2026-02-10 16:48:05.671314,0,0,simulated
TXN-00267,employee_7,1918.95,KES,sale,Cafe Express,Urgent procurement,2025-01-16 09:00:00,2026-02-10 16:48:05.671338,0,0,simulated
TXN-00268,employee_1,543.42,KES,expense,Client A,Office supplies purchase,2025-02-06 11:00:00,2026-02-10 16:48:05.671386,0,0,simulated
TXN-00269,employee_2,1848.96,KES,expense,Fuel Station,Client payment,2025-02-15 14:00:00,2026-02-10 16:48:05.671420,0,0,simulated
TXN-00270,employee_2,2009.82,KES,sale,Fuel Station,Office supplies purchase,2025-02-18 14:00:00,2026-02-10 16:48:05.671467,0,0,simulated
TXN-00271,employee_1,582.47,KES,sale,Cafe Express,Refund processed,2025-03-21 13:00:00,2026-02-10 16:48:05.671492,0,0,simulated
TXN-00272,employee_1,542.92,KES,refund,Client B,Refund processed,2025-02-18 00:00:00,2026-02-10 16:48:05.671538,20,0,simulated
TXN-00273,employee_8,4529.63,KES,expense,Tech World,Monthly operational cost,2025-01-25 02:00:00,2026-02-10 16:48:05.671569,60,1,simulated
TXN-00274,employee_2,924.84,KES,refund,Office Depot,Refund processed,2025-03-14 16:00:00,2026-02-10 16:48:05.671599,0,0,simulated
TXN-00275,employee_7,2067.11,KES,expense,Client B,Refund processed,2025-01-05 05:00:00,2026-02-10 16:48:05.671643,20,0,simulated
TXN-00276,employee_7,1011.13,KES,refund,Client A,Ad-hoc expense,2025-01-29 04:00:00,2026-02-10 16:48:05.671668,20,0,simulated
TXN-00277,employee_7,1263.94,KES,refund,Online Store,Client payment,2025-03-03 14:00:00,2026-02-10 16:48:05.671713,0,0,simulated
TXN-00278,employee_1,731.15,KES,refund,Online Store,Monthly operational cost,2025-02-19 08:00:00,2026-02-10 16:48:05.671745,0,0,simulated
TXN-00279,employee_3,1551.35,KES,sale,Client B,Office supplies purchase,2025-03-20 11:00:00,2026-02-10 16:48:05.671775,0,0,simulated
TXN-00280,employee_5,1096.89,KES,refund,Client A,Office supplies purchase,2025-03-17 14:00:00,2026-02-10 16:48:05.671810,0,0,simulated
TXN-00281,employee_5,1297.81,KES,refund,Online Store,Fuel reimbursement,2025-02-16 13:00:00,2026-02-10 16:48:05.671852,0,0,simulated
TXN-00282,employee_8,793.81,KES,expense,Cafe Express,Fuel reimbursement,2025-02-22 10:00:00,2026-02-10 16:48:05.671897,0,0,simulated
TXN-00283,employee_3,1610.54,KES,expense,Tech World,Office supplies purchase,2025-01-07 00:00:00,2026-02-10 16:48:05.671927,20,0,simulated
TXN-00284,employee_4,1794.04,KES,refund,Tech World,Monthly operational cost,2025-01-09 13:00:00,2026-02-10 16:48:05.671960,0,0,simulated
TXN-00285,employee_1,1182.99,KES,refund,Local Supplier,Office supplies purchase,2025-01-22 01:00:00,2026-02-10 16:48:05.671989,20,0,simulated
TXN-00286,employee_8,1074.82,KES,expense,Client B,Urgent procurement,2025-03-29 02:00:00,2026-02-10 16:48:05.672021,20,0,simulated
TXN-00287,employee_3,1401.18,KES,sale,Client B,Office supplies purchase,2025-01-08 03:00:00,2026-02-10 16:48:05.672051,20,0,simulated
TXN-00288,employee_7,2087.71,KES,expense,Tech World,Office supplies purchase,2025-01-13 03:00:00,2026-02-10 16:48:05.672080,50,1,simulated
TXN-00289,employee_1,113.42,KES,sale,Client A,Monthly operational cost,2025-02-28 04:00:00,2026-02-10 16:48:05.672109,20,0,simulated
TXN-00290,employee_1,41.42,KES,refund,Client A,Refund processed,2025-03-09 03:00:00,2026-02-10 16:48:05.672157,20,0,simulated
TXN-00291,employee_1,252.05,KES,sale,Fuel Station,Refund processed,2025-01-25 18:00:00,2026-02-10 16:48:05.672205,0,0,simulated
TXN-00292,employee_7,824.41,KES,expense,Fuel Station,Refund processed,2025-01-25 13:00:00,2026-02-10 16:48:05.672239,0,0,simulated
TXN-00293,employee_2,1491.35,KES,sale,Cafe Express,Monthly operational cost,2025-03-18 10:00:00,2026-02-10 16:48:05.672281,0,0,simulated
TXN-00294,employee_1,799.94,KES,sale,Client B,Monthly operational cost,2025-02-10 04:00:00,2026-02-10 16:48:05.672306,20,0,simulated
TXN-00295,employee_2,7031.9,KES,sale,Client B,Office supplies purchase,2025-02-20 16:00:00,2026-02-10 16:48:05.672331,40,1,simulated
TXN-00296,employee_8,572.57,KES,expense,Client B,Monthly operational cost,2025-01-16 13:00:00,2026-02-10 16:48:05.672355,0,0,simulated
TXN-00297,employee_6,609.01,KES,refund,Local Supplier,Refund processed,2025-02-16 03:00:00,2026-02-10 16:48:05.672378,20,0,simulated
TXN-00298,employee_3,907.14,KES,sale,Client B,Monthly operational cost,2025-01-24 16:00:00,2026-02-10 16:48:05.672402,0,0,simulated
TXN-00299,employee_5,5340.71,KES,expense,Office Depot,Urgent procurement,2025-03-26 16:00:00,2026-02-10 16:48:05.672427,40,1,simulated
TXN-00300,employee_5,1508.18,KES,expense,Fuel Station,Monthly operational cost,2025-02-06 10:00:00,2026-02-10 16:48:05.672454,0,0,simulated
TXN-00301,employee_5,1065.84,KES,sale,Fuel Station,Refund processed,2025-01-06 10:00:00,2026-02-10 16:48:05.672477,0,0,simulated
TXN-00302,employee_8,202.25,KES,sale,Tech World,Refund processed,2025-03-01 02:00:00,2026-02-10 16:48:05.672501,20,0,simulated
TXN-00303,employee_4,1523.94,KES,sale,Tech World,Ad-hoc expense,2025-02-28 02:00:00,2026-02-10 16:48:05.672525,20,0,simulated
TXN-00304,employee_1,204.62,KES,sale,Tech World,Refund processed,2025-02-06 03:00:00,2026-02-10 16:48:05.672550,20,0,simulated
TXN-00305,employee_6,651.73,KES,refund,Tech World,Monthly operational cost,2025-03-28 15:00:00,2026-02-10 16:48:05.672573,0,0,simulated
TXN-00306,employee_3,1234.38,KES,refund,Cafe Express,Urgent procurement,2025-03-22 03:00:00,2026-02-10 16:48:05.672602,20,0,simulated
TXN-00307,employee_7,1309.32,KES,expense,Office Depot,Ad-hoc expense,2025-03-09 03:00:00,2026-02-10 16:48:05.672629,20,0,simulated
TXN-00308,employee_6,150.68,KES,expense,Online Store,Client payment,2025-02-02 14:00:00,2026-02-10 16:48:05.672653,30,0,simulated
TXN-00309,employee_8,594.01,KES,sale,Cafe Express,Client payment,2025-02-22 04:00:00,2026-02-10 16:48:05.672677,20,0,simulated
TXN-00310,employee_2,590.54,KES,refund,Client B,Ad-hoc expense,2025-02-25 03:00:00,2026-02-10 16:48:05.672707,20,0,simulated
TXN-00311,employee_3,1395.03,KES,refund,Office Depot,Urgent procurement,2025-01-11 11:00:00,2026-02-10 16:48:05.672731,0,0,simulated
TXN-00312,employee_6,704.52,KES,refund,Online Store,Ad-hoc expense,2025-01-18 01:00:00,2026-02-10 16:48:05.672755,20,0,simulated
TXN-00313,employee_7,1056.92,KES,expense,Tech World,Client payment,2025-01-08 17:00:00,2026-02-10 16:48:05.672780,0,0,simulated
TXN-00314,employee_5,8122.94,KES,refund,Tech World,Refund processed,2025-01-10 01:00:00,2026-02-10 16:48:05.672806,80,1,simulated
TXN-00315,employee_7,1786.89,KES,refund,Office Depot,Office supplies purchase,2025-03-27 10:00:00,2026-02-10 16:48:05.672829,0,0,simulated
TXN-00316,employee_3,2352.9,KES,sale,Local Supplier,Ad-hoc expense,2025-01-25 05:00:00,2026-02-10 16:48:05.672853,20,0,simulated
TXN-00317,employee_3,1260.09,KES,expense,Office Depot,Refund processed,2025-01-28 11:00:00,2026-02-10 16:48:05.672878,0,0,simulated
TXN-00318,employee_3,1240.12,KES,refund,Office Depot,Fuel reimbursement,2025-03-29 04:00:00,2026-02-10 16:48:05.672901,20,0,simulated
TXN-00319,employee_8,1015.93,KES,expense,Cafe Express,Urgent procurement,2025-02-15 17:00:00,2026-02-10 16:48:05.672927,0,0,simulated
TXN-00320,employee_3,12193.14,KES,sale,Client B,Urgent procurement,2025-01-31 02:00:00,2026-02-10 16:48:05.672957,60,1,simulated
TXN-00321,employee_4,1093.23,KES,sale,Cafe Express,Client payment,2025-01-19 05:00:00,2026-02-10 16:48:05.672981,20,0,simulated
TXN-00322,employee_5,1234.07,KES,expense,Client A,Monthly operational cost,2025-01-14 03:00:00,2026-02-10 16:48:05.673005,20,0,simulated
TXN-00323,employee_5,806.72,KES,expense,Client B,Ad-hoc expense,2025-03-29 04:00:00,2026-02-10 16:48:05.673031,20,0,simulated
TXN-00324,employee_1,707.96,KES,refund,Local Supplier,Fuel reimbursement,2025-01-06 11:00:00,2026-02-10 16:48:05.673058,0,0,simulated
TXN-00325,employee_7,1592.41,KES,expense,Local Supplier,Refund processed,2025-02-26 08:00:00,2026-02-10 16:48:05.673082,0,0,simulated
TXN-00326,employee_5,4006.34,KES,refund,Cafe Express,Client payment,2025-03-22 09:00:00,2026-02-10 16:48:05.673107,60,1,simulated
TXN-00327,employee_1,1155.7,KES,expense,Local Supplier,Client payment,2025-02-19 09:00:00,2026-02-10 16:48:05.673131,0,0,simulated
TXN-00328,employee_5,1253.51,KES,refund,Cafe Express,Refund processed,2025-01-08 11:00:00,2026-02-10 16:48:05.673155,0,0,simulated
TXN-00329,employee_2,1736.1,KES,refund,Fuel Station,Office supplies purchase,2025-03-17 04:00:00,2026-02-10 16:48:05.673179,20,0,simulated
TXN-00330,employee_1,540.26,KES,refund,Fuel Station,Ad-hoc expense,2025-03-12 02:00:00,2026-02-10 16:48:05.673207,20,0,simulated
TXN-00331,employee_3,742.18,KES,expense,Office Depot,Office supplies purchase,2025-03-10 09:00:00,2026-02-10 16:48:05.673252,0,0,simulated
TXN-00332,employee_8,562.3,KES,expense,Cafe Express,Refund processed,2025-03-02 08:00:00,2026-02-10 16:48:05.673280,0,0,simulated
TXN-00333,employee_2,1473.45,KES,expense,Office Depot,Office supplies purchase,2025-01-22 01:00:00,2026-02-10 16:48:05.673309,20,0,simulated
TXN-00334,employee_4,12472.85,KES,sale,Fuel Station,Client payment,2025-01-13 03:00:00,2026-02-10 16:48:05.673353,60,1,simulated
TXN-00335,employee_6,801.05,KES,sale,Cafe Express,Refund processed,2025-03-22 17:00:00,2026-02-10 16:48:05.673376,0,0,simulated
TXN-00336,employee_4,1919.35,KES,refund,Cafe Express,Office supplies purchase,2025-02-07 12:00:00,2026-02-10 16:48:05.673400,0,0,simulated
TXN-00337,employee_3,974.17,KES,refund,Local Supplier,Fuel reimbursement,2025-02-14 10:00:00,2026-02-10 16:48:05.673449,0,0,simulated
TXN-00338,employee_3,1721.18,KES,sale,Tech World,Refund processed,2025-01-28 14:00:00,2026-02-10 16:48:05.673489,0,0,simulated
TXN-00339,employee_5,1078.22,KES,refund,Cafe Express,Ad-hoc expense,2025-03-21 02:00:00,2026-02-10 16:48:05.673514,20,0,simulated
TXN-00340,employee_8,708.13,KES,expense,Tech World,Fuel reimbursement,2025-02-12 18:00:00,2026-02-10 16:48:05.673566,0,0,simulated
TXN-00341,employee_5,598.51,KES,sale,Local Supplier,Client payment,2025-03-19 16:00:00,2026-02-10 16:48:05.673595,0,0,simulated
TXN-00342,employee_5,1388.06,KES,expense,Local Supplier,Office supplies purchase,2025-01-11 15:00:00,2026-02-10 16:48:05.673623,0,0,simulated
TXN-00343,employee_5,801.7,KES,refund,Online Store,Client payment,2025-03-11 08:00:00,2026-02-10 16:48:05.673662,0,0,simulated
TXN-00344,employee_5,976.18,KES,refund,Client A,Ad-hoc expense,2025-03-13 13:00:00,2026-02-10 16:48:05.673708,0,0,simulated
TXN-00345,employee_3,1525.17,KES,sale,Client A,Urgent procurement,2025-01-08 01:00:00,2026-02-10 16:48:05.673738,20,0,simulated
TXN-00346,employee_4,1350.05,KES,refund,Office Depot,Ad-hoc expense,2025-01-12 14:00:00,2026-02-10 16:48:05.673766,0,0,simulated
TXN-00347,employee_2,853.79,KES,refund,Cafe Express,Client payment,2025-02-14 18:00:00,2026-02-10 16:48:05.673794,0,0,simulated
TXN-00348,employee_8,625.93,KES,refund,Cafe Express,Ad-hoc expense,2025-01-22 04:00:00,2026-02-10 16:48:05.673824,50,1,simulated
TXN-00349,employee_1,701.74,KES,expense,Client A,Fuel reimbursement,2025-02-09 01:00:00,2026-02-10 16:48:05.673853,20,0,simulated
TXN-00350,employee_8,514.73,KES,sale,Client A,Office supplies purchase,2025-01-22 16:00:00,2026-02-10 16:48:05.673887,0,0,simulated
TXN-00351,employee_2,1051.33,KES,sale,Tech World,Ad-hoc expense,2025-02-03 04:00:00,2026-02-10 16:48:05.673915,20,0,simulated
TXN-00352,employee_6,490.13,KES,sale,Client A,Ad-hoc expense,2025-02-21 02:00:00,2026-02-10 16:48:05.673945,20,0,simulated
TXN-00353,employee_8,781.03,KES,sale,Local Supplier,Ad-hoc expense,2025-01-04 13:00:00,2026-02-10 16:48:05.673974,0,0,simulated
TXN-00354,employee_5,1408.72,KES,expense,Client B,Office supplies purchase,2025-02-08 17:00:00,2026-02-10 16:48:05.674007,0,0,simulated
TXN-00355,employee_3,1111.48,KES,sale,Client A,Ad-hoc expense,2025-01-16 10:00:00,2026-02-10 16:48:05.674046,0,0,simulated
TXN-00356,employee_5,1008.89,KES,expense,Client B,Client payment,2025-02-08 10:00:00,2026-02-10 16:48:05.674073,0,0,simulated
TXN-00357,employee_8,1087.63,KES,sale,Local Supplier,Client payment,2025-01-08 08:00:00,2026-02-10 16:48:05.674098,0,0,simulated
TXN-00358,employee_7,1824.99,KES,sale,Office Depot,Refund processed,2025-02-24 10:00:00,2026-02-10 16:48:05.674121,0,0,simulated
TXN-00359,employee_8,807.64,KES,sale,Online Store,Office supplies purchase,2025-03-09 03:00:00,2026-02-10 16:48:05.674144,20,0,simulated
TXN-00360,employee_1,588.11,KES,refund,Online Store,Monthly operational cost,2025-01-03 08:00:00,2026-02-10 16:48:05.674172,30,0,simulated
TXN-00361,employee_5,1350.52,KES,refund,Cafe Express,Fuel reimbursement,2025-01-29 03:00:00,2026-02-10 16:48:05.674196,20,0,simulated
TXN-00362,employee_7,1369.65,KES,refund,Client A,Fuel reimbursement,2025-03-09 01:00:00,2026-02-10 16:48:05.674220,20,0,simulated
TXN-00363,employee_2,1574.52,KES,expense,Cafe Express,Ad-hoc expense,2025-01-22 16:00:00,2026-02-10 16:48:05.674243,0,0,simulated
TXN-00364,employee_7,697.8,KES,expense,Online Store,Ad-hoc expense,2025-02-19 09:00:00,2026-02-10 16:48:05.674267,0,0,simulated
TXN-00365,employee_2,1306.31,KES,sale,Tech World,Fuel reimbursement,2025-02-11 16:00:00,2026-02-10 16:48:05.674291,0,0,simulated
TXN-00366,employee_7,2271.87,KES,refund,Client A,Monthly operational cost,2025-02-01 14:00:00,2026-02-10 16:48:05.674357,20,0,simulated
TXN-00367,employee_1,972.0,KES,sale,Cafe Express,Urgent procurement,2025-03-23 02:00:00,2026-02-10 16:48:05.674383,20,0,simulated
TXN-00368,employee_6,249.13,KES,refund,Client A,Office supplies purchase,2025-02-28 13:00:00,2026-02-10 16:48:05.674408,30,0,simulated
TXN-00369,employee_4,397.19,KES,refund,Online Store,Monthly operational cost,2025-01-01 02:00:00,2026-02-10 16:48:05.674432,50,1,simulated
TXN-00370,employee_7,1344.39,KES,sale,Tech World,Ad-hoc expense,2025-02-21 18:00:00,2026-02-10 16:48:05.674460,0,0,simulated
TXN-00371,employee_8,706.97,KES,refund,Office Depot,Office supplies purchase,2025-01-06 03:00:00,2026-02-10 16:48:05.674484,20,0,simulated
TXN-00372,employee_6,659.1,KES,refund,Fuel Station,Fuel reimbursement,2025-03-17 08:00:00,2026-02-10 16:48:05.674507,0,0,simulated
TXN-00373,employee_8,521.84,KES,sale,Client A,Urgent procurement,2025-02-05 16:00:00,2026-02-10 16:48:05.674531,0,0,simulated
TXN-00374,employee_4,1838.82,KES,sale,Client A,Fuel reimbursement,2025-03-17 08:00:00,2026-02-10 16:48:05.674559,0,0,simulated
TXN-00375,employee_8,694.38,KES,expense,Local Supplier,Office supplies purchase,2025-02-01 08:00:00,2026-02-10 16:48:05.674585,0,0,simulated
TXN-00376,employee_5,1392.49,KES,expense,Local Supplier,Urgent procurement,2025-03-01 03:00:00,2026-02-10 16:48:05.674615,20,0,simulated
TXN-00377,employee_2,1313.42,KES,refund,Fuel Station,Fuel reimbursement,2025-02-13 09:00:00,2026-02-10 16:48:05.674640,0,0,simulated
TXN-00378,employee_5,1386.35,KES,expense,Tech World,Office supplies purchase,2025-02-06 02:00:00,2026-02-10 16:48:05.674665,20,0,simulated
TXN-00379,employee_6,487.42,KES,sale,Client B,Fuel reimbursement,2025-02-22 05:00:00,2026-02-10 16:48:05.674689,20,0,simulated
TXN-00380,employee_4,1736.0,KES,sale,Online Store,Ad-hoc expense,2025-01-18 03:00:00,2026-02-10 16:48:05.674716,20,0,simulated
TXN-00381,employee_8,241.72,KES,sale,Fuel Station,Fuel reimbursement,2025-02-04 17:00:00,2026-02-10 16:48:05.674740,0,0,simulated
TXN-00382,employee_7,1890.15,KES,refund,Cafe Express,Client payment,2025-01-14 12:00:00,2026-02-10 16:48:05.674764,0,0,simulated
TXN-00383,employee_6,443.09,KES,sale,Fuel Station,Client payment,2025-02-01 09:00:00,2026-02-10 16:48:05.674787,0,0,simulated
TXN-00384,employee_3,1068.35,KES,sale,Cafe Express,Urgent procurement,2025-01-26 09:00:00,2026-02-10 16:48:05.674811,0,0,simulated
TXN-00385,employee_1,6773.55,KES,refund,Tech World,Refund processed,2025-03-23 09:00:00,2026-02-10 16:48:05.674836,60,1,simulated
TXN-00386,employee_7,1547.6,KES,expense,Online Store,Urgent procurement,2025-02-11 01:00:00,2026-02-10 16:48:05.674863,20,0,simulated
TXN-00387,employee_6,426.28,KES,sale,Office Depot,Client payment,2025-02-22 11:00:00,2026-02-10 16:48:05.674889,0,0,simulated
TXN-00388,employee_4,1576.1,KES,sale,Online Store,Ad-hoc expense,2025-03-25 17:00:00,2026-02-10 16:48:05.674916,0,0,simulated
TXN-00389,employee_8,529.81,KES,expense,Client A,Urgent procurement,2025-02-28 15:00:00,2026-02-10 16:48:05.674939,0,0,simulated
TXN-00390,employee_2,1228.77,KES,refund,Cafe Express,Ad-hoc expense,2025-01-23 12:00:00,2026-02-10 16:48:05.674966,0,0,simulated
TXN-00391,employee_3,1603.9,KES,sale,Client B,Refund processed,2025-01-31 02:00:00,2026-02-10 16:48:05.674991,20,0,simulated
TXN-00392,employee_4,1143.87,KES,refund,Online Store,Fuel reimbursement,2025-01-15 04:00:00,2026-02-10 16:48:05.675017,20,0,simulated
TXN-00393,employee_4,1030.31,KES,refund,Fuel Station,Fuel reimbursement,2025-01-22 05:00:00,2026-02-10 16:48:05.675043,20,0,simulated
TXN-00394,employee_7,1665.14,KES,sale,Client A,Ad-hoc expense,2025-01-07 08:00:00,2026-02-10 16:48:05.675066,0,0,simulated
TXN-00395,employee_5,924.16,KES,expense,Client B,Office supplies purchase,2025-01-27 16:00:00,2026-02-10 16:48:05.675090,0,0,simulated
TXN-00396,employee_7,1493.8,KES,sale,Fuel Station,Office supplies purchase,2025-01-13 15:00:00,2026-02-10 16:48:05.675113,0,0,simulated
TXN-00397,employee_8,730.74,KES,expense,Office Depot,Monthly operational cost,2025-03-06 18:00:00,2026-02-10 16:48:05.675138,0,0,simulated
TXN-00398,employee_6,693.6,KES,refund,Cafe Express,Client payment,2025-02-24 04:00:00,2026-02-10 16:48:05.675164,20,0,simulated
TXN-00399,employee_1,647.28,KES,refund,Client A,Client payment,2025-01-28 11:00:00,2026-02-10 16:48:05.675189,0,0,simulated
TXN-00400,employee_1,1622.02,KES,refund,Local Supplier,Office supplies purchase,2025-01-19 11:00:00,2026-02-10 16:48:05.675216,0,0,simulated
TXN-00401,employee_3,2115.35,KES,sale,Online Store,Monthly operational cost,2025-03-31 10:00:00,2026-02-10 16:48:05.675262,0,0,simulated
TXN-00402,employee_2,939.16,KES,expense,Fuel Station,Office supplies purchase,2025-03-22 09:00:00,2026-02-10 16:48:05.675295,0,0,simulated
TXN-00403,employee_6,703.21,KES,sale,Local Supplier,Ad-hoc expense,2025-03-03 18:00:00,2026-02-10 16:48:05.675322,0,0,simulated
TXN-00404,employee_8,742.73,KES,refund,Client B,Urgent procurement,2025-03-22 01:00:00,2026-02-10 16:48:05.675364,20,0,simulated
TXN-00405,employee_4,891.69,KES,refund,Cafe Express,Client payment,2025-03-29 13:00:00,2026-02-10 16:48:05.675388,0,0,simulated
TXN-00406,employee_2,602.83,KES,expense,Fuel Station,Office supplies purchase,2025-01-19 10:00:00,2026-02-10 16:48:05.675412,0,0,simulated
TXN-00407,employee_4,1305.47,KES,sale,Office Depot,Office supplies purchase,2025-03-07 15:00:00,2026-02-10 16:48:05.675435,30,0,simulated
TXN-00408,employee_3,2021.71,KES,sale,Local Supplier,Urgent procurement,2025-03-10 12:00:00,2026-02-10 16:48:05.675461,0,0,simulated
TXN-00409,employee_3,6996.98,KES,sale,Fuel Station,Refund processed,2025-02-13 18:00:00,2026-02-10 16:48:05.675486,40,1,simulated
TXN-00410,employee_5,1105.94,KES,sale,Fuel Station,Refund processed,2025-01-21 09:00:00,2026-02-10 16:48:05.675514,0,0,simulated
TXN-00411,employee_5,2199.38,KES,sale,Tech World,Fuel reimbursement,2025-03-11 14:00:00,2026-02-10 16:48:05.675537,0,0,simulated
TXN-00412,employee_2,2081.72,KES,refund,Tech World,Monthly operational cost,2025-03-04 09:00:00,2026-02-10 16:48:05.675561,20,0,simulated
TXN-00413,employee_2,1275.96,KES,expense,Client A,Client payment,2025-03-14 00:00:00,2026-02-10 16:48:05.675584,20,0,simulated
TXN-00414,employee_6,322.05,KES,refund,Office Depot,Refund processed,2025-03-27 09:00:00,2026-02-10 16:48:05.675607,0,0,simulated
TXN-00415,employee_2,2206.75,KES,sale,Tech World,Office supplies purchase,2025-01-11 02:00:00,2026-02-10 16:48:05.675631,20,0,simulated
TXN-00416,employee_6,574.57,KES,refund,Cafe Express,Urgent procurement,2025-01-11 02:00:00,2026-02-10 16:48:05.675654,20,0,simulated
TXN-00417,employee_4,1616.44,KES,refund,Cafe Express,Fuel reimbursement,2025-01-29 08:00:00,2026-02-10 16:48:05.675678,0,0,simulated
TXN-00418,employee_7,636.96,KES,expense,Local Supplier,Client payment,2025-01-03 02:00:00,2026-02-10 16:48:05.675701,20,0,simulated
TXN-00419,employee_5,1385.48,KES,sale,Local Supplier,Monthly operational cost,2025-02-15 17:00:00,2026-02-10 16:48:05.675725,0,0,simulated
TXN-00420,employee_1,288.0,KES,refund,Office Depot,Client payment,2025-02-12 16:00:00,2026-02-10 16:48:05.675756,0,0,simulated
TXN-00421,employee_1,290.49,KES,refund,Local Supplier,Client payment,2025-02-08 11:00:00,2026-02-10 16:48:05.675780,0,0,simulated
TXN-00422,employee_8,1196.54,KES,refund,Tech World,Client payment,2025-03-30 08:00:00,2026-02-10 16:48:05.675804,0,0,simulated
TXN-00423,employee_6,595.61,KES,sale,Client B,Office supplies purchase,2025-02-20 04:00:00,2026-02-10 16:48:05.675829,50,1,simulated
TXN-00424,employee_6,574.92,KES,expense,Local Supplier,Client payment,2025-02-06 16:00:00,2026-02-10 16:48:05.675852,0,0,simulated
TXN-00425,employee_5,378.02,KES,refund,Fuel Station,Monthly operational cost,2025-02-09 02:00:00,2026-02-10 16:48:05.675877,20,0,simulated
TXN-00426,employee_5,662.14,KES,refund,Client A,Monthly operational cost,2025-01-13 05:00:00,2026-02-10 16:48:05.675901,20,0,simulated
TXN-00427,employee_1,435.34,KES,refund,Client B,Ad-hoc expense,2025-03-03 12:00:00,2026-02-10 16:48:05.675924,0,0,simulated
TXN-00428,employee_8,528.3,KES,refund,Online Store,Monthly operational cost,2025-01-28 14:00:00,2026-02-10 16:48:05.675948,0,0,simulated
TXN-00429,employee_6,536.13,KES,sale,Cafe Express,Urgent procurement,2025-03-20 11:00:00,2026-02-10 16:48:05.675971,0,0,simulated
TXN-00430,employee_3,2103.52,KES,refund,Client B,Office supplies purchase,2025-02-03 18:00:00,2026-02-10 16:48:05.675998,20,0,simulated
TXN-00431,employee_2,1121.59,KES,expense,Client A,Urgent procurement,2025-01-02 10:00:00,2026-02-10 16:48:05.676021,0,0,simulated
TXN-00432,employee_8,664.43,KES,sale,Cafe Express,Client payment,2025-02-27 16:00:00,2026-02-10 16:48:05.676044,0,0,simulated
TXN-00433,employee_6,540.49,KES,expense,Fuel Station,Monthly operational cost,2025-01-30 12:00:00,2026-02-10 16:48:05.676067,0,0,simulated
TXN-00434,employee_4,1492.34,KES,refund,Client B,Monthly operational cost,2025-01-06 05:00:00,2026-02-10 16:48:05.676089,20,0,simulated
TXN-00435,employee_2,1519.63,KES,sale,Local Supplier,Client payment,2025-03-25 12:00:00,2026-02-10 16:48:05.676112,0,0,simulated
TXN-00436,employee_4,839.88,KES,expense,Client A,Refund processed,2025-03-22 18:00:00,2026-02-10 16:48:05.676135,0,0,simulated
TXN-00437,employee_8,1186.85,KES,expense,Tech World,Ad-hoc expense,2025-01-04 09:00:00,2026-02-10 16:48:05.676159,0,0,simulated
TXN-00438,employee_6,617.96,KES,refund,Tech World,Urgent procurement,2025-03-18 13:00:00,2026-02-10 16:48:05.676182,0,0,simulated
TXN-00439,employee_4,1759.49,KES,sale,Cafe Express,Ad-hoc expense,2025-01-23 04:00:00,2026-02-10 16:48:05.676205,20,0,simulated
TXN-00440,employee_8,1370.78,KES,refund,Tech World,Urgent procurement,2025-03-20 08:00:00,2026-02-10 16:48:05.676233,0,0,simulated
TXN-00441,employee_6,500.73,KES,refund,Client B,Office supplies purchase,2025-01-06 04:00:00,2026-02-10 16:48:05.676256,20,0,simulated
TXN-00442,employee_6,552.88,KES,expense,Office Depot,Ad-hoc expense,2025-03-25 11:00:00,2026-02-10 16:48:05.676280,0,0,simulated
TXN-00443,employee_2,190.23,KES,refund,Cafe Express,Urgent procurement,2025-01-21 12:00:00,2026-02-10 16:48:05.676303,0,0,simulated
TXN-00444,employee_2,1002.31,KES,refund,Fuel Station,Refund processed,2025-03-01 02:00:00,2026-02-10 16:48:05.676326,20,0,simulated
TXN-00445,employee_7,1408.96,KES,expense,Local Supplier,Monthly operational cost,2025-01-17 12:00:00,2026-02-10 16:48:05.676351,0,0,simulated
TXN-00446,employee_4,1314.69,KES,refund,Client B,Urgent procurement,2025-03-19 14:00:00,2026-02-10 16:48:05.676374,0,0,simulated
TXN-00447,employee_2,1127.26,KES,sale,Client A,Urgent procurement,2025-03-24 08:00:00,2026-02-10 16:48:05.676397,0,0,simulated
TXN-00448,employee_1,398.31,KES,sale,Local Supplier,Urgent procurement,2025-01-30 15:00:00,2026-02-10 16:48:05.676420,0,0,simulated
TXN-00449,employee_4,1416.52,KES,expense,Cafe Express,Client payment,2025-03-12 10:00:00,2026-02-10 16:48:05.676442,0,0,simulated
TXN-00450,employee_5,843.46,KES,expense,Office Depot,Refund processed,2025-01-28 04:00:00,2026-02-10 16:48:05.676471,20,0,simulated
TXN-00451,employee_7,244.74,KES,expense,Fuel Station,Urgent procurement,2025-03-15 01:00:00,2026-02-10 16:48:05.676501,20,0,simulated
TXN-00452,employee_5,501.91,KES,expense,Fuel Station,Client payment,2025-02-08 01:00:00,2026-02-10 16:48:05.676524,20,0,simulated
TXN-00453,employee_5,910.51,KES,expense,Online Store,Monthly operational cost,2025-01-01 15:00:00,2026-02-10 16:48:05.676547,0,0,simulated
TXN-00454,employee_5,763.44,KES,sale,Local Supplier,Urgent procurement,2025-03-13 15:00:00,2026-02-10 16:48:05.676571,0,0,simulated
TXN-00455,employee_6,596.39,KES,expense,Office Depot,Ad-hoc expense,2025-03-26 00:00:00,2026-02-10 16:48:05.676595,20,0,simulated
TXN-00456,employee_2,1560.3,KES,sale,Office Depot,Urgent procurement,2025-01-30 08:00:00,2026-02-10 16:48:05.676624,0,0,simulated
TXN-00457,employee_2,1162.75,KES,refund,Local Supplier,Office supplies purchase,2025-01-29 01:00:00,2026-02-10 16:48:05.676648,20,0,simulated
TXN-00458,employee_2,12399.84,KES,refund,Cafe Express,Urgent procurement,2025-02-27 04:00:00,2026-02-10 16:48:05.676676,80,1,simulated
TXN-00459,employee_5,470.82,KES,expense,Fuel Station,Fuel reimbursement,2025-03-03 17:00:00,2026-02-10 16:48:05.676701,0,0,simulated
TXN-00460,employee_2,1643.45,KES,expense,Tech World,Urgent procurement,2025-03-29 12:00:00,2026-02-10 16:48:05.676728,0,0,simulated
TXN-00461,employee_6,607.64,KES,refund,Cafe Express,Ad-hoc expense,2025-02-25 15:00:00,2026-02-10 16:48:05.676752,0,0,simulated
TXN-00462,employee_1,496.96,KES,refund,Client A,Urgent procurement,2025-03-04 02:00:00,2026-02-10 16:48:05.676776,20,0,simulated
TXN-00463,employee_4,1553.11,KES,sale,Cafe Express,Client payment,2025-02-22 03:00:00,2026-02-10 16:48:05.676801,20,0,simulated
TXN-00464,employee_7,998.18,KES,refund,Fuel Station,Urgent procurement,2025-01-22 01:00:00,2026-02-10 16:48:05.676825,20,0,simulated
TXN-00465,employee_6,572.45,KES,expense,Office Depot,Monthly operational cost,2025-02-14 14:00:00,2026-02-10 16:48:05.676847,0,0,simulated
TXN-00466,employee_3,1655.76,KES,sale,Fuel Station,Refund processed,2025-01-19 10:00:00,2026-02-10 16:48:05.676872,0,0,simulated
TXN-00467,employee_8,1035.93,KES,sale,Cafe Express,Urgent procurement,2025-03-26 10:00:00,2026-02-10 16:48:05.676896,0,0,simulated
TXN-00468,employee_5,944.64,KES,sale,Client B,Office supplies purchase,2025-02-05 14:00:00,2026-02-10 16:48:05.676921,0,0,simulated
TXN-00469,employee_3,982.99,KES,refund,Cafe Express,Client payment,2025-02-09 12:00:00,2026-02-10 16:48:05.676944,0,0,simulated
TXN-00470,employee_5,1847.26,KES,sale,Cafe Express,Urgent procurement,2025-01-07 12:00:00,2026-02-10 16:48:05.676971,0,0,simulated
TXN-00471,employee_6,576.32,KES,sale,Office Depot,Fuel reimbursement,2025-01-19 01:00:00,2026-02-10 16:48:05.676995,20,0,simulated
TXN-00472,employee_6,457.04,KES,refund,Cafe Express,Office supplies purchase,2025-03-30 18:00:00,2026-02-10 16:48:05.677019,0,0,simulated
TXN-00473,employee_5,564.3,KES,expense,Cafe Express,Fuel reimbursement,2025-03-10 17:00:00,2026-02-10 16:48:05.677043,0,0,simulated
TXN-00474,employee_3,999.72,KES,expense,Client A,Urgent procurement,2025-01-30 01:00:00,2026-02-10 16:48:05.677066,20,0,simulated
TXN-00475,employee_1,54.26,KES,refund,Office Depot,Urgent procurement,2025-02-27 09:00:00,2026-02-10 16:48:05.677091,0,0,simulated
TXN-00476,employee_1,155.57,KES,refund,Local Supplier,Ad-hoc expense,2025-02-19 15:00:00,2026-02-10 16:48:05.677114,0,0,simulated
TXN-00477,employee_1,596.67,KES,sale,Client B,Client payment,2025-01-13 09:00:00,2026-02-10 16:48:05.677138,0,0,simulated
TXN-00478,employee_2,661.68,KES,expense,Client A,Fuel reimbursement,2025-02-19 04:00:00,2026-02-10 16:48:05.677163,20,0,simulated
TXN-00479,employee_1,474.51,KES,refund,Fuel Station,Refund processed,2025-01-05 05:00:00,2026-02-10 16:48:05.677186,20,0,simulated
TXN-00480,employee_3,1998.67,KES,sale,Local Supplier,Client payment,2025-03-06 05:00:00,2026-02-10 16:48:05.677216,20,0,simulated
TXN-00481,employee_6,332.74,KES,sale,Tech World,Ad-hoc expense,2025-02-21 09:00:00,2026-02-10 16:48:05.677240,0,0,simulated
TXN-00482,employee_7,1307.34,KES,expense,Fuel Station,Fuel reimbursement,2025-02-04 18:00:00,2026-02-10 16:48:05.677265,0,0,simulated
TXN-00483,employee_4,9131.02,KES,sale,Client A,Office supplies purchase,2025-03-20 03:00:00,2026-02-10 16:48:05.677296,60,1,simulated
TXN-00484,employee_7,1328.21,KES,refund,Client A,Monthly operational cost,2025-02-23 11:00:00,2026-02-10 16:48:05.677320,0,0,simulated
TXN-00485,employee_7,1134.4,KES,expense,Client B,Refund processed,2025-02-22 01:00:00,2026-02-10 16:48:05.677344,20,0,simulated
TXN-00486,employee_2,1942.84,KES,sale,Local Supplier,Refund processed,2025-02-16 11:00:00,2026-02-10 16:48:05.677369,0,0,simulated
TXN-00487,employee_2,653.5,KES,expense,Cafe Express,Client payment,2025-01-18 03:00:00,2026-02-10 16:48:05.677394,20,0,simulated
TXN-00488,employee_8,941.95,KES,refund,Client B,Urgent procurement,2025-01-17 14:00:00,2026-02-10 16:48:05.677417,0,0,simulated
TXN-00489,employee_3,1636.2,KES,refund,Tech World,Urgent procurement,2025-01-22 04:00:00,2026-02-10 16:48:05.677441,20,0,simulated
TXN-00490,employee_8,581.72,KES,sale,Tech World,Ad-hoc expense,2025-03-03 03:00:00,2026-02-10 16:48:05.677469,20,0,simulated
TXN-00491,employee_2,2473.04,KES,refund,Client B,Urgent procurement,2025-03-03 03:00:00,2026-02-10 16:48:05.677495,40,1,simulated
TXN-00492,employee_5,1720.01,KES,refund,Cafe Express,Urgent procurement,2025-01-21 18:00:00,2026-02-10 16:48:05.677519,0,0,simulated
TXN-00493,employee_1,1158.01,KES,refund,Online Store,Client payment,2025-02-26 17:00:00,2026-02-10 16:48:05.677547,0,0,simulated
TXN-00494,employee_4,995.13,KES,refund,Office Depot,Client payment,2025-02-23 08:00:00,2026-02-10 16:48:05.677572,0,0,simulated
TXN-00495,employee_7,1249.87,KES,refund,Cafe Express,Office supplies purchase,2025-01-05 14:00:00,2026-02-10 16:48:05.677596,0,0,simulated
TXN-00496,employee_7,2221.9,KES,expense,Fuel Station,Fuel reimbursement,2025-02-13 04:00:00,2026-02-10 16:48:05.677620,20,0,simulated
TXN-00497,employee_7,2038.37,KES,refund,Tech World,Refund processed,2025-01-23 03:00:00,2026-02-10 16:48:05.677644,40,1,simulated
TXN-00498,employee_4,1536.3,KES,sale,Online Store,Fuel reimbursement,2025-02-17 18:00:00,2026-02-10 16:48:05.677669,0,0,simulated
TXN-00499,employee_7,805.91,KES,expense,Cafe Express,Fuel reimbursement,2025-03-11 10:00:00,2026-02-10 16:48:05.677692,0,0,simulated
TXN-00500,employee_2,4235.9,KES,refund,Local Supplier,Refund processed,2025-01-01 11:00:00,2026-02-10 16:48:05.677723,60,1,simulated
TXN-00501,employee_3,1795.17,KES,sale,Office Depot,Client payment,2025-02-04 12:00:00,2026-02-10 16:48:05.677748,0,0,simulated
TXN-00502,employee_8,1140.93,KES,refund,Fuel Station,Ad-hoc expense,2025-01-10 08:00:00,2026-02-10 16:48:05.677772,0,0,simulated
TXN-00503,employee_8,796.36,KES,sale,Cafe Express,Fuel reimbursement,2025-03-23 18:00:00,2026-02-10 16:48:05.677798,0,0,simulated
TXN-00504,employee_8,1664.18,KES,expense,Tech World,Client payment,2025-02-18 13:00:00,2026-02-10 16:48:05.677822,0,0,simulated
TXN-00505,employee_6,560.86,KES,expense,Office Depot,Client payment,2025-01-28 10:00:00,2026-02-10 16:48:05.677846,0,0,simulated
TXN-00506,employee_7,1817.08,KES,refund,Cafe Express,Fuel reimbursement,2025-02-24 04:00:00,2026-02-10 16:48:05.677869,20,0,simulated
TXN-00507,employee_5,762.56,KES,refund,Client A,Office supplies purchase,2025-02-17 03:00:00,2026-02-10 16:48:05.677892,20,0,simulated
TXN-00508,employee_6,560.5,KES,refund,Tech World,Office supplies purchase,2025-03-16 12:00:00,2026-02-10 16:48:05.677915,0,0,simulated
TXN-00509,employee_3,1458.47,KES,refund,Office Depot,Urgent procurement,2025-03-11 17:00:00,2026-02-10 16:48:05.677938,0,0,simulated
TXN-00510,employee_2,1363.74,KES,sale,Client A,Ad-hoc expense,2025-02-02 12:00:00,2026-02-10 16:48:05.677966,0,0,simulated
TXN-00511,employee_1,289.46,KES,sale,Online Store,Monthly operational cost,2025-01-24 17:00:00,2026-02-10 16:48:05.677990,0,0,simulated
TXN-00512,employee_8,701.56,KES,sale,Client A,Urgent procurement,2025-01-10 14:00:00,2026-02-10 16:48:05.678013,0,0,simulated
TXN-00513,employee_1,300.71,KES,refund,Cafe Express,Office supplies purchase,2025-02-07 09:00:00,2026-02-10 16:48:05.678038,0,0,simulated
TXN-00514,employee_1,290.15,KES,refund,Client B,Fuel reimbursement,2025-03-10 14:00:00,2026-02-10 16:48:05.678061,0,0,simulated
TXN-00515,employee_1,180.65,KES,sale,Client A,Office supplies purchase,2025-03-11 02:00:00,2026-02-10 16:48:05.678088,20,0,simulated
TXN-00516,employee_7,303.68,KES,sale,Cafe Express,Fuel reimbursement,2025-03-19 00:00:00,2026-02-10 16:48:05.678111,20,0,simulated
TXN-00517,employee_7,1068.91,KES,refund,Cafe Express,Ad-hoc expense,2025-01-14 18:00:00,2026-02-10 16:48:05.678134,0,0,simulated
TXN-00518,employee_4,1435.11,KES,expense,Fuel Station,Monthly operational cost,2025-01-07 10:00:00,2026-02-10 16:48:05.678157,0,0,simulated
TXN-00519,employee_6,499.38,KES,refund,Office Depot,Client payment,2025-02-05 00:00:00,2026-02-10 16:48:05.678180,20,0,simulated
TXN-00520,employee_3,2014.71,KES,refund,Online Store,Monthly operational cost,2025-02-05 11:00:00,2026-02-10 16:48:05.678232,20,0,simulated
TXN-00521,employee_4,1959.93,KES,expense,Fuel Station,Fuel reimbursement,2025-02-25 00:00:00,2026-02-10 16:48:05.678256,20,0,simulated
TXN-00522,employee_1,37.25,KES,sale,Tech World,Office supplies purchase,2025-03-10 17:00:00,2026-02-10 16:48:05.678283,0,0,simulated
TXN-00523,employee_5,715.1,KES,refund,Cafe Express,Refund processed,2025-02-15 04:00:00,2026-02-10 16:48:05.678306,20,0,simulated
TXN-00524,employee_5,747.41,KES,refund,Office Depot,Monthly operational cost,2025-01-30 05:00:00,2026-02-10 16:48:05.678329,20,0,simulated
TXN-00525,employee_5,1329.71,KES,expense,Fuel Station,Fuel reimbursement,2025-01-18 16:00:00,2026-02-10 16:48:05.678353,0,0,simulated
TXN-00526,employee_7,1271.44,KES,refund,Fuel Station,Ad-hoc expense,2025-03-03 16:00:00,2026-02-10 16:48:05.678376,0,0,simulated
TXN-00527,employee_7,1155.45,KES,expense,Cafe Express,Refund processed,2025-03-09 14:00:00,2026-02-10 16:48:05.678437,0,0,simulated
TXN-00528,employee_5,1258.39,KES,sale,Cafe Express,Fuel reimbursement,2025-03-28 08:00:00,2026-02-10 16:48:05.678490,0,0,simulated
TXN-00529,employee_3,1619.0,KES,sale,Cafe Express,Office supplies purchase,2025-01-14 08:00:00,2026-02-10 16:48:05.678518,0,0,simulated
TXN-00530,employee_7,1818.67,KES,sale,Tech World,Office supplies purchase,2025-03-18 00:00:00,2026-02-10 16:48:05.678558,20,0,simulated
TXN-00531,employee_2,1154.8,KES,refund,Client B,Fuel reimbursement,2025-01-01 05:00:00,2026-02-10 16:48:05.678582,20,0,simulated
TXN-00532,employee_8,759.65,KES,sale,Local Supplier,Office supplies purchase,2025-02-06 13:00:00,2026-02-10 16:48:05.678610,0,0,simulated
TXN-00533,employee_7,1557.56,KES,sale,Office Depot,Fuel reimbursement,2025-03-17 00:00:00,2026-02-10 16:48:05.678634,20,0,simulated
TXN-00534,employee_4,1248.53,KES,refund,Client A,Monthly operational cost,2025-01-17 12:00:00,2026-02-10 16:48:05.678657,0,0,simulated
TXN-00535,employee_3,1699.47,KES,refund,Fuel Station,Urgent procurement,2025-02-17 11:00:00,2026-02-10 16:48:05.678681,0,0,simulated
TXN-00536,employee_8,998.34,KES,refund,Client A,Refund processed,2025-02-18 02:00:00,2026-02-10 16:48:05.678705,20,0,simulated
TXN-00537,employee_4,1410.4,KES,expense,Fuel Station,Office supplies purchase,2025-03-29 14:00:00,2026-02-10 16:48:05.678731,0,0,simulated
TXN-00538,employee_8,938.46,KES,expense,Tech World,Office supplies purchase,2025-02-04 15:00:00,2026-02-10 16:48:05.678754,0,0,simulated
TXN-00539,employee_5,834.89,KES,sale,Office Depot,Office supplies purchase,2025-01-18 16:00:00,2026-02-10 16:48:05.678777,0,0,simulated
TXN-00540,employee_5,441.49,KES,expense,Local Supplier,Ad-hoc expense,2025-01-30 14:00:00,2026-02-10 16:48:05.678801,0,0,simulated
TXN-00541,employee_4,1089.01,KES,sale,Online Store,Refund processed,2025-02-10 14:00:00,2026-02-10 16:48:05.678825,0,0,simulated
TXN-00542,employee_1,694.19,KES,refund,Client B,Refund processed,2025-03-20 09:00:00,2026-02-10 16:48:05.678849,0,0,simulated
TXN-00543,employee_3,1310.32,KES,refund,Local Supplier,Refund processed,2025-01-19 13:00:00,2026-02-10 16:48:05.678872,0,0,simulated
TXN-00544,employee_8,626.94,KES,sale,Online Store,Office supplies purchase,2025-02-13 18:00:00,2026-02-10 16:48:05.678896,0,0,simulated
TXN-00545,employee_7,1421.42,KES,sale,Online Store,Ad-hoc expense,2025-02-07 01:00:00,2026-02-10 16:48:05.678922,20,0,simulated
TXN-00546,employee_4,1765.91,KES,sale,Fuel Station,Urgent procurement,2025-02-03 17:00:00,2026-02-10 16:48:05.678975,0,0,simulated
TXN-00547,employee_1,168.23,KES,sale,Online Store,Client payment,2025-01-23 04:00:00,2026-02-10 16:48:05.679032,50,1,simulated
TXN-00548,employee_4,981.04,KES,sale,Fuel Station,Monthly operational cost,2025-01-08 11:00:00,2026-02-10 16:48:05.679082,0,0,simulated
TXN-00549,employee_7,1780.36,KES,refund,Tech World,Fuel reimbursement,2025-03-16 12:00:00,2026-02-10 16:48:05.679163,0,0,simulated
TXN-00550,employee_5,1877.27,KES,expense,Tech World,Refund processed,2025-02-27 01:00:00,2026-02-10 16:48:05.679214,20,0,simulated
TXN-00551,employee_8,5933.16,KES,refund,Tech World,Client payment,2025-03-23 10:00:00,2026-02-10 16:48:05.679276,60,1,simulated
TXN-00552,employee_5,1125.85,KES,refund,Online Store,Office supplies purchase,2025-02-10 08:00:00,2026-02-10 16:48:05.679320,0,0,simulated
TXN-00553,employee_1,534.69,KES,expense,Fuel Station,Fuel reimbursement,2025-02-28 10:00:00,2026-02-10 16:48:05.679365,0,0,simulated
TXN-00554,employee_4,1006.61,KES,refund,Fuel Station,Urgent procurement,2025-03-27 10:00:00,2026-02-10 16:48:05.679389,0,0,simulated
TXN-00555,employee_6,554.06,KES,sale,Tech World,Monthly operational cost,2025-01-19 18:00:00,2026-02-10 16:48:05.679436,0,0,simulated
TXN-00556,employee_1,431.39,KES,refund,Tech World,Office supplies purchase,2025-01-07 11:00:00,2026-02-10 16:48:05.679482,0,0,simulated
TXN-00557,employee_3,1372.91,KES,sale,Tech World,Client payment,2025-03-12 10:00:00,2026-02-10 16:48:05.679511,0,0,simulated
TXN-00558,employee_8,1482.0,KES,expense,Online Store,Office supplies purchase,2025-03-24 03:00:00,2026-02-10 16:48:05.679541,20,0,simulated
TXN-00559,employee_2,1490.2,KES,refund,Cafe Express,Client payment,2025-03-18 05:00:00,2026-02-10 16:48:05.679571,20,0,simulated
TXN-00560,employee_3,1717.57,KES,refund,Cafe Express,Monthly operational cost,2025-03-25 11:00:00,2026-02-10 16:48:05.679602,0,0,simulated
TXN-00561,employee_5,804.65,KES,sale,Office Depot,Office supplies purchase,2025-03-25 08:00:00,2026-02-10 16:48:05.679631,0,0,simulated
TXN-00562,employee_8,417.96,KES,sale,Online Store,Fuel reimbursement,2025-03-10 10:00:00,2026-02-10 16:48:05.679671,0,0,simulated
TXN-00563,employee_7,10606.69,KES,sale,Cafe Express,Fuel reimbursement,2025-01-08 05:00:00,2026-02-10 16:48:05.679710,60,1,simulated
TXN-00564,employee_1,21.14,KES,refund,Tech World,Fuel reimbursement,2025-01-14 02:00:00,2026-02-10 16:48:05.679732,20,0,simulated
TXN-00565,employee_5,765.55,KES,sale,Client A,Refund processed,2025-01-22 11:00:00,2026-02-10 16:48:05.679752,0,0,simulated
TXN-00566,employee_2,1903.15,KES,expense,Tech World,Ad-hoc expense,2025-01-06 03:00:00,2026-02-10 16:48:05.679773,20,0,simulated
TXN-00567,employee_7,811.33,KES,refund,Cafe Express,Office supplies purchase,2025-01-17 10:00:00,2026-02-10 16:48:05.679793,0,0,simulated
TXN-00568,employee_7,1102.14,KES,refund,Online Store,Fuel reimbursement,2025-02-09 09:00:00,2026-02-10 16:48:05.679813,0,0,simulated
TXN-00569,employee_2,494.94,KES,expense,Office Depot,Urgent procurement,2025-03-26 10:00:00,2026-02-10 16:48:05.679835,0,0,simulated
TXN-00570,employee_2,1089.69,KES,sale,Client A,Fuel reimbursement,2025-02-24 01:00:00,2026-02-10 16:48:05.679856,20,0,simulated
TXN-00571,employee_6,492.05,KES,refund,Online Store,Fuel reimbursement,2025-03-17 16:00:00,2026-02-10 16:48:05.679876,0,0,simulated
TXN-00572,employee_5,1653.58,KES,refund,Online Store,Urgent procurement,2025-01-31 10:00:00,2026-02-10 16:48:05.679897,0,0,simulated
TXN-00573,employee_6,401.83,KES,sale,Office Depot,Urgent procurement,2025-02-06 12:00:00,2026-02-10 16:48:05.679918,0,0,simulated
TXN-00574,employee_7,1270.22,KES,expense,Office Depot,Ad-hoc expense,2025-03-30 16:00:00,2026-02-10 16:48:05.679963,0,0,simulated
TXN-00575,employee_4,1334.11,KES,sale,Local Supplier,Monthly operational cost,2025-03-23 01:00:00,2026-02-10 16:48:05.679991,20,0,simulated
TXN-00576,employee_1,946.11,KES,sale,Online Store,Fuel reimbursement,2025-02-21 03:00:00,2026-02-10 16:48:05.680017,20,0,simulated
TXN-00577,employee_6,297.05,KES,expense,Tech World,Fuel reimbursement,2025-03-27 00:00:00,2026-02-10 16:48:05.680043,50,1,simulated
TXN-00578,employee_3,1625.77,KES,sale,Online Store,Monthly operational cost,2025-01-25 12:00:00,2026-02-10 16:48:05.680094,0,0,simulated
TXN-00579,employee_8,854.21,KES,expense,Fuel Station,Office supplies purchase,2025-03-27 15:00:00,2026-02-10 16:48:05.680123,30,0,simulated
TXN-00580,employee_6,639.93,KES,sale,Office Depot,Client payment,2025-02-13 11:00:00,2026-02-10 16:48:05.680153,0,0,simulated
TXN-00581,employee_7,1929.52,KES,sale,Fuel Station,Office supplies purchase,2025-01-29 11:00:00,2026-02-10 16:48:05.680195,0,0,simulated
TXN-00582,employee_3,1441.12,KES,expense,Online Store,Monthly operational cost,2025-01-25 00:00:00,2026-02-10 16:48:05.680244,20,0,simulated
TXN-00583,employee_6,938.06,KES,expense,Client A,Refund processed,2025-02-03 16:00:00,2026-02-10 16:48:05.680273,0,0,simulated
TXN-00584,employee_1,525.09,KES,expense,Office Depot,Urgent procurement,2025-03-06 03:00:00,2026-02-10 16:48:05.680303,50,1,simulated
TXN-00585,employee_1,408.09,KES,expense,Office Depot,Refund processed,2025-02-02 09:00:00,2026-02-10 16:48:05.680333,0,0,simulated
TXN-00586,employee_1,402.3,KES,refund,Local Supplier,Ad-hoc expense,2025-03-15 09:00:00,2026-02-10 16:48:05.680373,0,0,simulated
TXN-00587,employee_5,731.33,KES,sale,Local Supplier,Fuel reimbursement,2025-02-25 10:00:00,2026-02-10 16:48:05.680398,0,0,simulated
TXN-00588,employee_3,1478.89,KES,sale,Office Depot,Urgent procurement,2025-03-24 14:00:00,2026-02-10 16:48:05.680424,0,0,simulated
TXN-00589,employee_4,1088.2,KES,sale,Office Depot,Fuel reimbursement,2025-02-19 17:00:00,2026-02-10 16:48:05.680472,0,0,simulated
TXN-00590,employee_3,1482.96,KES,refund,Office Depot,Ad-hoc expense,2025-03-08 03:00:00,2026-02-10 16:48:05.680504,50,1,simulated
TXN-00591,employee_2,1558.04,KES,refund,Client B,Client payment,2025-03-22 14:00:00,2026-02-10 16:48:05.680533,0,0,simulated
TXN-00592,employee_5,2867.72,KES,refund,Local Supplier,Office supplies purchase,2025-03-08 03:00:00,2026-02-10 16:48:05.680595,40,1,simulated
TXN-00593,employee_4,1360.03,KES,refund,Client A,Fuel reimbursement,2025-03-22 09:00:00,2026-02-10 16:48:05.680631,0,0,simulated
TXN-00594,employee_5,7041.31,KES,expense,Client A,Urgent procurement,2025-02-28 02:00:00,2026-02-10 16:48:05.680661,60,1,simulated
TXN-00595,employee_4,1511.81,KES,sale,Client A,Refund processed,2025-02-23 09:00:00,2026-02-10 16:48:05.680685,0,0,simulated
TXN-00596,employee_3,1713.42,KES,expense,Client B,Fuel reimbursement,2025-03-02 09:00:00,2026-02-10 16:48:05.680708,0,0,simulated
TXN-00597,employee_8,986.95,KES,refund,Client A,Fuel reimbursement,2025-01-15 01:00:00,2026-02-10 16:48:05.680732,20,0,simulated
TXN-00598,employee_1,714.63,KES,expense,Fuel Station,Urgent procurement,2025-03-18 16:00:00,2026-02-10 16:48:05.680756,0,0,simulated
TXN-00599,employee_5,1290.45,KES,expense,Client A,Refund processed,2025-01-23 17:00:00,2026-02-10 16:48:05.680779,0,0,simulated
TXN-00600,employee_7,1432.18,KES,refund,Client B,Ad-hoc expense,2025-03-27 03:00:00,2026-02-10 16:48:05.680818,20,0,simulated
