transaction_id,employee__username,amount,currency,transaction_type,description,merchant,transaction_date,uploaded_at,is_flagged,risk_score,flag_reason,source
TXN-00421,charlie,3912.00,KES,refund,Simulated refund transaction,Merchant-19,2025-01-06,2026-02-09 16:13:51.751161+00:00,False,0,,manual
TXN-00420,charlie,3201.00,KES,expense,Simulated expense transaction,Merchant-13,2025-02-08,2026-02-09 16:13:51.747724+00:00,False,0,,manual
TXN-00419,charlie,657.00,KES,expense,Simulated expense transaction,Merchant-13,2025-01-21,2026-02-09 16:13:51.744539+00:00,False,0,,manual
TXN-00418,charlie,124.00,KES,refund,Simulated refund transaction,Merchant-9,2025-01-10,2026-02-09 16:13:51.741332+00:00,False,0,,manual
TXN-00417,charlie,1708.00,KES,sale,Simulated sale transaction,Merchant-10,2025-01-01,2026-02-09 16:13:51.737117+00:00,False,0,,manual
TXN-00416,charlie,4180.00,KES,sale,Simulated sale transaction,Merchant-17,2025-01-05,2026-02-09 16:13:51.732928+00:00,False,0,,manual
TXN-00415,charlie,4522.00,KES,refund,Simulated refund transaction,Merchant-10,2025-01-04,2026-02-09 16:13:51.729057+00:00,False,0,,manual
TXN-00414,charlie,3277.00,KES,refund,Simulated refund transaction,Merchant-2,2025-02-09,2026-02-09 16:13:51.724751+00:00,False,0,,manual
TXN-00413,charlie,3547.00,KES,expense,Simulated expense transaction,Merchant-1,2025-02-15,2026-02-09 16:13:51.720436+00:00,False,0,,manual
TXN-00412,charlie,4224.00,KES,expense,Simulated expense transaction,Merchant-2,2025-02-04,2026-02-09 16:13:51.715818+00:00,False,0,,manual
TXN-00411,charlie,3552.00,KES,sale,Simulated sale transaction,Merchant-11,2025-02-06,2026-02-09 16:13:51.711814+00:00,False,0,,manual
TXN-00410,charlie,1832.00,KES,expense,Simulated expense transaction,Merchant-8,2025-02-21,2026-02-09 16:13:51.707744+00:00,False,0,,manual
TXN-00409,charlie,1681.00,KES,refund,Simulated refund transaction,Merchant-17,2025-03-02,2026-02-09 16:13:51.703380+00:00,False,0,,manual
TXN-00408,charlie,4645.00,KES,expense,Simulated expense transaction,Merchant-15,2025-01-21,2026-02-09 16:13:51.697611+00:00,False,0,,manual
TXN-00407,charlie,4780.00,KES,expense,Simulated expense transaction,Merchant-14,2025-02-23,2026-02-09 16:13:51.693283+00:00,False,0,,manual
TXN-00406,charlie,118.00,KES,refund,Simulated refund transaction,Merchant-18,2025-01-18,2026-02-09 16:13:51.689189+00:00,False,0,,manual
TXN-00405,charlie,1125.00,KES,refund,Simulated refund transaction,Merchant-1,2025-01-06,2026-02-09 16:13:51.685439+00:00,False,0,,manual
TXN-00404,charlie,3537.00,KES,expense,Simulated expense transaction,Merchant-6,2025-01-29,2026-02-09 16:13:51.681341+00:00,False,0,,manual
TXN-00403,charlie,2796.00,KES,refund,Simulated refund transaction,Merchant-4,2025-02-24,2026-02-09 16:13:51.676873+00:00,False,0,,manual
TXN-00402,charlie,2995.00,KES,expense,Simulated expense transaction,Merchant-15,2025-02-27,2026-02-09 16:13:51.672687+00:00,False,0,,manual
TXN-00401,charlie,4630.00,KES,refund,Simulated refund transaction,Merchant-12,2025-03-01,2026-02-09 16:13:51.667901+00:00,False,0,,manual
TXN-00400,charlie,3947.00,KES,sale,Simulated sale transaction,Merchant-3,2025-02-19,2026-02-09 16:13:51.663811+00:00,False,0,,manual
TXN-00399,charlie,2162.00,KES,refund,Simulated refund transaction,Merchant-16,2025-01-18,2026-02-09 16:13:51.659748+00:00,False,0,,manual
TXN-00398,charlie,2123.00,KES,refund,Simulated refund transaction,Merchant-17,2025-02-22,2026-02-09 16:13:51.655624+00:00,False,0,,manual
TXN-00397,charlie,4267.00,KES,expense,Simulated expense transaction,Merchant-16,2025-01-24,2026-02-09 16:13:51.651477+00:00,False,0,,manual
TXN-00396,charlie,2001.00,KES,expense,Simulated expense transaction,Merchant-14,2025-02-11,2026-02-09 16:13:51.647717+00:00,False,0,,manual
TXN-00395,charlie,2640.00,KES,refund,Simulated refund transaction,Merchant-2,2025-02-11,2026-02-09 16:13:51.643581+00:00,False,0,,manual
TXN-00394,charlie,3326.00,KES,sale,Simulated sale transaction,Merchant-17,2025-01-29,2026-02-09 16:13:51.639325+00:00,False,0,,manual
TXN-00393,charlie,4157.00,KES,sale,Simulated sale transaction,Merchant-11,2025-01-28,2026-02-09 16:13:51.634913+00:00,False,0,,manual
TXN-00392,charlie,3118.00,KES,refund,Simulated refund transaction,Merchant-13,2025-02-11,2026-02-09 16:13:51.631408+00:00,False,0,,manual
TXN-00391,charlie,3791.00,KES,refund,Simulated refund transaction,Merchant-10,2025-02-19,2026-02-09 16:13:51.627648+00:00,False,0,,manual
TXN-00390,charlie,4036.00,KES,sale,Simulated sale transaction,Merchant-4,2025-01-15,2026-02-09 16:13:51.623578+00:00,False,0,,manual
TXN-00389,charlie,3918.00,KES,refund,Simulated refund transaction,Merchant-8,2025-01-28,2026-02-09 16:13:51.619846+00:00,False,0,,manual
TXN-00388,charlie,4997.00,KES,expense,Simulated expense transaction,Merchant-9,2025-02-24,2026-02-09 16:13:51.615971+00:00,False,0,,manual
TXN-00387,charlie,2003.00,KES,expense,Simulated expense transaction,Merchant-3,2025-02-27,2026-02-09 16:13:51.612150+00:00,False,0,,manual
TXN-00386,charlie,1356.00,KES,refund,Simulated refund transaction,Merchant-8,2025-02-12,2026-02-09 16:13:51.607692+00:00,False,0,,manual
TXN-00385,charlie,1830.00,KES,sale,Simulated sale transaction,Merchant-14,2025-01-13,2026-02-09 16:13:51.603534+00:00,False,0,,manual
TXN-00384,charlie,4683.00,KES,expense,Simulated expense transaction,Merchant-8,2025-02-02,2026-02-09 16:13:51.599560+00:00,False,0,,manual
TXN-00383,charlie,4029.00,KES,expense,Simulated expense transaction,Merchant-5,2025-01-17,2026-02-09 16:13:51.595019+00:00,False,0,,manual
TXN-00382,charlie,3909.00,KES,expense,Simulated expense transaction,Merchant-12,2025-02-03,2026-02-09 16:13:51.590921+00:00,False,0,,manual
TXN-00381,charlie,3875.00,KES,expense,Simulated expense transaction,Merchant-16,2025-01-05,2026-02-09 16:13:51.586817+00:00,False,0,,manual
TXN-00380,charlie,4244.00,KES,sale,Simulated sale transaction,Merchant-1,2025-01-15,2026-02-09 16:13:51.582764+00:00,False,0,,manual
TXN-00379,charlie,4444.00,KES,sale,Simulated sale transaction,Merchant-10,2025-01-12,2026-02-09 16:13:51.579171+00:00,False,0,,manual
TXN-00378,charlie,4811.00,KES,expense,Simulated expense transaction,Merchant-7,2025-01-11,2026-02-09 16:13:51.575113+00:00,False,0,,manual
TXN-00377,charlie,1304.00,KES,expense,Simulated expense transaction,Merchant-14,2025-02-18,2026-02-09 16:13:51.571158+00:00,False,0,,manual
TXN-00376,charlie,4674.00,KES,sale,Simulated sale transaction,Merchant-17,2025-01-14,2026-02-09 16:13:51.567015+00:00,False,0,,manual
TXN-00375,charlie,4561.00,KES,refund,Simulated refund transaction,Merchant-11,2025-01-06,2026-02-09 16:13:51.562472+00:00,False,0,,manual
TXN-00374,charlie,624.00,KES,sale,Simulated sale transaction,Merchant-16,2025-01-24,2026-02-09 16:13:51.558758+00:00,False,0,,manual
TXN-00373,charlie,1408.00,KES,refund,Simulated refund transaction,Merchant-12,2025-02-02,2026-02-09 16:13:51.555089+00:00,False,0,,manual
TXN-00372,charlie,2651.00,KES,sale,Simulated sale transaction,Merchant-14,2025-02-24,2026-02-09 16:13:51.550129+00:00,False,0,,manual
TXN-00371,bob,896.00,KES,refund,Simulated refund transaction,Merchant-4,2025-01-23,2026-02-09 16:13:51.546160+00:00,False,0,,manual
TXN-00370,bob,2257.00,KES,refund,Simulated refund transaction,Merchant-8,2025-01-10,2026-02-09 16:13:51.541996+00:00,False,0,,manual
TXN-00369,bob,116.00,KES,sale,Simulated sale transaction,Merchant-1,2025-01-22,2026-02-09 16:13:51.538182+00:00,False,0,,manual
TXN-00368,bob,3138.00,KES,refund,Simulated refund transaction,Merchant-8,2025-02-23,2026-02-09 16:13:51.533737+00:00,False,0,,manual
TXN-00367,bob,1774.00,KES,sale,Simulated sale transaction,Merchant-19,2025-01-26,2026-02-09 16:13:51.529641+00:00,False,0,,manual
TXN-00366,bob,2025.00,KES,refund,Simulated refund transaction,Merchant-7,2025-01-18,2026-02-09 16:13:51.525348+00:00,False,0,,manual
TXN-00365,bob,1210.00,KES,refund,Simulated refund transaction,Merchant-5,2025-02-01,2026-02-09 16:13:51.520986+00:00,False,0,,manual
TXN-00364,bob,4330.00,KES,expense,Simulated expense transaction,Merchant-1,2025-03-01,2026-02-09 16:13:51.516482+00:00,False,0,,manual
TXN-00363,bob,2452.00,KES,refund,Simulated refund transaction,Merchant-10,2025-02-18,2026-02-09 16:13:51.511903+00:00,False,0,,manual
TXN-00362,bob,848.00,KES,expense,Simulated expense transaction,Merchant-4,2025-03-01,2026-02-09 16:13:51.507481+00:00,False,0,,manual
TXN-00361,bob,1241.00,KES,sale,Simulated sale transaction,Merchant-15,2025-02-26,2026-02-09 16:13:51.502810+00:00,False,0,,manual
TXN-00360,bob,3621.00,KES,sale,Simulated sale transaction,Merchant-8,2025-02-13,2026-02-09 16:13:51.498170+00:00,False,0,,manual
TXN-00359,bob,4889.00,KES,refund,Simulated refund transaction,Merchant-18,2025-02-27,2026-02-09 16:13:51.484233+00:00,False,0,,manual
TXN-00358,bob,4017.00,KES,sale,Simulated sale transaction,Merchant-1,2025-01-24,2026-02-09 16:13:51.480821+00:00,False,0,,manual
TXN-00357,bob,932.00,KES,expense,Simulated expense transaction,Merchant-11,2025-02-07,2026-02-09 16:13:51.476903+00:00,False,0,,manual
TXN-00356,bob,926.00,KES,expense,Simulated expense transaction,Merchant-2,2025-02-09,2026-02-09 16:13:51.472782+00:00,False,0,,manual
TXN-00355,bob,498.00,KES,refund,Simulated refund transaction,Merchant-2,2025-01-26,2026-02-09 16:13:51.468469+00:00,False,0,,manual
TXN-00354,bob,822.00,KES,expense,Simulated expense transaction,Merchant-13,2025-01-07,2026-02-09 16:13:51.463602+00:00,False,0,,manual
TXN-00353,bob,821.00,KES,expense,Simulated expense transaction,Merchant-1,2025-02-16,2026-02-09 16:13:51.459456+00:00,False,0,,manual
TXN-00352,bob,990.00,KES,refund,Simulated refund transaction,Merchant-2,2025-01-09,2026-02-09 16:13:51.455242+00:00,False,0,,manual
TXN-00351,bob,1076.00,KES,sale,Simulated sale transaction,Merchant-13,2025-01-08,2026-02-09 16:13:51.450819+00:00,False,0,,manual
TXN-00350,bob,1917.00,KES,refund,Simulated refund transaction,Merchant-18,2025-01-22,2026-02-09 16:13:51.446568+00:00,False,0,,manual
TXN-00349,bob,1134.00,KES,refund,Simulated refund transaction,Merchant-1,2025-01-10,2026-02-09 16:13:51.442266+00:00,False,0,,manual
TXN-00348,bob,2149.00,KES,sale,Simulated sale transaction,Merchant-18,2025-01-24,2026-02-09 16:13:51.438071+00:00,False,0,,manual
TXN-00347,bob,3756.00,KES,sale,Simulated sale transaction,Merchant-2,2025-02-06,2026-02-09 16:13:51.433545+00:00,False,0,,manual
TXN-00346,bob,3818.00,KES,refund,Simulated refund transaction,Merchant-14,2025-01-16,2026-02-09 16:13:51.429202+00:00,False,0,,manual
TXN-00345,bob,1676.00,KES,sale,Simulated sale transaction,Merchant-10,2025-01-21,2026-02-09 16:13:51.424801+00:00,False,0,,manual
TXN-00344,bob,183.00,KES,sale,Simulated sale transaction,Merchant-10,2025-01-02,2026-02-09 16:13:51.420391+00:00,False,0,,manual
TXN-00343,bob,1429.00,KES,refund,Simulated refund transaction,Merchant-15,2025-02-08,2026-02-09 16:13:51.416272+00:00,False,0,,manual
TXN-00342,bob,4040.00,KES,sale,Simulated sale transaction,Merchant-17,2025-02-06,2026-02-09 16:13:51.411499+00:00,False,0,,manual
TXN-00341,bob,2649.00,KES,refund,Simulated refund transaction,Merchant-12,2025-02-12,2026-02-09 16:13:51.406530+00:00,False,0,,manual
TXN-00340,bob,3744.00,KES,refund,Simulated refund transaction,Merchant-17,2025-01-07,2026-02-09 16:13:51.402152+00:00,False,0,,manual
TXN-00339,bob,3864.00,KES,refund,Simulated refund transaction,Merchant-12,2025-02-19,2026-02-09 16:13:51.398521+00:00,False,0,,manual
TXN-00338,bob,2921.00,KES,refund,Simulated refund transaction,Merchant-4,2025-01-02,2026-02-09 16:13:51.394576+00:00,False,0,,manual
TXN-00337,bob,3625.00,KES,sale,Simulated sale transaction,Merchant-5,2025-01-30,2026-02-09 16:13:51.390794+00:00,False,0,,manual
TXN-00336,bob,1717.00,KES,expense,Simulated expense transaction,Merchant-2,2025-01-30,2026-02-09 16:13:51.387044+00:00,False,0,,manual
TXN-00335,bob,3868.00,KES,sale,Simulated sale transaction,Merchant-2,2025-02-02,2026-02-09 16:13:51.383186+00:00,False,0,,manual
TXN-00334,bob,462.00,KES,sale,Simulated sale transaction,Merchant-11,2025-02-16,2026-02-09 16:13:51.379297+00:00,False,0,,manual
TXN-00333,bob,2128.00,KES,expense,Simulated expense transaction,Merchant-5,2025-03-02,2026-02-09 16:13:51.374803+00:00,False,0,,manual
TXN-00332,bob,378.00,KES,sale,Simulated sale transaction,Merchant-16,2025-01-18,2026-02-09 16:13:51.370201+00:00,False,0,,manual
TXN-00331,bob,4562.00,KES,refund,Simulated refund transaction,Merchant-18,2025-02-14,2026-02-09 16:13:51.365942+00:00,False,0,,manual
TXN-00330,bob,1075.00,KES,refund,Simulated refund transaction,Merchant-14,2025-02-07,2026-02-09 16:13:51.361343+00:00,False,0,,manual
TXN-00329,bob,3398.00,KES,expense,Simulated expense transaction,Merchant-11,2025-02-06,2026-02-09 16:13:51.356260+00:00,False,0,,manual
TXN-00328,bob,2879.00,KES,sale,Simulated sale transaction,Merchant-14,2025-03-02,2026-02-09 16:13:51.350337+00:00,False,0,,manual
TXN-00327,bob,4055.00,KES,sale,Simulated sale transaction,Merchant-1,2025-02-08,2026-02-09 16:13:51.345934+00:00,False,0,,manual
TXN-00326,bob,4261.00,KES,refund,Simulated refund transaction,Merchant-8,2025-01-15,2026-02-09 16:13:51.341516+00:00,False,0,,manual
TXN-00325,bob,1019.00,KES,sale,Simulated sale transaction,Merchant-1,2025-01-27,2026-02-09 16:13:51.336346+00:00,False,0,,manual
TXN-00324,bob,3848.00,KES,refund,Simulated refund transaction,Merchant-5,2025-01-02,2026-02-09 16:13:51.332391+00:00,False,0,,manual
TXN-00323,bob,3178.00,KES,expense,Simulated expense transaction,Merchant-3,2025-02-20,2026-02-09 16:13:51.328079+00:00,False,0,,manual
TXN-00322,bob,1586.00,KES,expense,Simulated expense transaction,Merchant-7,2025-02-25,2026-02-09 16:13:51.323829+00:00,False,0,,manual
TXN-00321,alice,562.00,KES,refund,Simulated refund transaction,Merchant-16,2025-02-03,2026-02-09 16:13:51.319486+00:00,False,0,,manual
TXN-00320,alice,1567.00,KES,sale,Simulated sale transaction,Merchant-5,2025-02-02,2026-02-09 16:13:51.314945+00:00,False,0,,manual
TXN-00319,alice,922.00,KES,refund,Simulated refund transaction,Merchant-18,2025-01-05,2026-02-09 16:13:51.310529+00:00,False,0,,manual
TXN-00318,alice,4656.00,KES,sale,Simulated sale transaction,Merchant-20,2025-02-12,2026-02-09 16:13:51.306250+00:00,False,0,,manual
TXN-00317,alice,3524.00,KES,expense,Simulated expense transaction,Merchant-9,2025-02-10,2026-02-09 16:13:51.302099+00:00,False,0,,manual
TXN-00316,alice,1805.00,KES,sale,Simulated sale transaction,Merchant-17,2025-01-02,2026-02-09 16:13:51.297748+00:00,False,0,,manual
TXN-00315,alice,1312.00,KES,sale,Simulated sale transaction,Merchant-18,2025-02-28,2026-02-09 16:13:51.293181+00:00,False,0,,manual
TXN-00314,alice,4505.00,KES,sale,Simulated sale transaction,Merchant-13,2025-02-04,2026-02-09 16:13:51.288688+00:00,False,0,,manual
TXN-00313,alice,453.00,KES,expense,Simulated expense transaction,Merchant-17,2025-01-08,2026-02-09 16:13:51.284267+00:00,False,0,,manual
TXN-00312,alice,4046.00,KES,expense,Simulated expense transaction,Merchant-20,2025-02-20,2026-02-09 16:13:51.279959+00:00,False,0,,manual
TXN-00311,alice,3538.00,KES,expense,Simulated expense transaction,Merchant-7,2025-01-14,2026-02-09 16:13:51.275677+00:00,False,0,,manual
TXN-00310,alice,1830.00,KES,sale,Simulated sale transaction,Merchant-11,2025-02-15,2026-02-09 16:13:51.271263+00:00,False,0,,manual
TXN-00309,alice,4337.00,KES,refund,Simulated refund transaction,Merchant-4,2025-01-05,2026-02-09 16:13:51.266899+00:00,False,0,,manual
TXN-00308,alice,4417.00,KES,refund,Simulated refund transaction,Merchant-6,2025-01-11,2026-02-09 16:13:51.262362+00:00,False,0,,manual
TXN-00307,alice,2880.00,KES,sale,Simulated sale transaction,Merchant-7,2025-02-18,2026-02-09 16:13:51.257902+00:00,False,0,,manual
TXN-00306,alice,483.00,KES,expense,Simulated expense transaction,Merchant-5,2025-01-14,2026-02-09 16:13:51.249985+00:00,False,0,,manual
TXN-00305,alice,3456.00,KES,refund,Simulated refund transaction,Merchant-8,2025-02-21,2026-02-09 16:13:51.246027+00:00,False,0,,manual
TXN-00304,alice,3125.00,KES,expense,Simulated expense transaction,Merchant-17,2025-01-04,2026-02-09 16:13:51.242182+00:00,False,0,,manual
TXN-00303,alice,3261.00,KES,expense,Simulated expense transaction,Merchant-13,2025-02-17,2026-02-09 16:13:51.238386+00:00,False,0,,manual
TXN-00302,alice,2424.00,KES,sale,Simulated sale transaction,Merchant-12,2025-02-03,2026-02-09 16:13:51.234803+00:00,False,0,,manual
TXN-00301,alice,2968.00,KES,expense,Simulated expense transaction,Merchant-4,2025-03-02,2026-02-09 16:13:51.231195+00:00,False,0,,manual
TXN-00300,alice,3922.00,KES,expense,Simulated expense transaction,Merchant-19,2025-02-10,2026-02-09 16:13:51.227416+00:00,False,0,,manual
TXN-00299,alice,2934.00,KES,refund,Simulated refund transaction,Merchant-13,2025-01-24,2026-02-09 16:13:51.223892+00:00,False,0,,manual
TXN-00298,alice,2547.00,KES,refund,Simulated refund transaction,Merchant-16,2025-01-16,2026-02-09 16:13:51.215008+00:00,False,0,,manual
TXN-00297,alice,3490.00,KES,refund,Simulated refund transaction,Merchant-11,2025-01-20,2026-02-09 16:13:51.211615+00:00,False,0,,manual
TXN-00296,alice,3906.00,KES,sale,Simulated sale transaction,Merchant-12,2025-02-13,2026-02-09 16:13:51.207896+00:00,False,0,,manual
TXN-00295,alice,1447.00,KES,refund,Simulated refund transaction,Merchant-15,2025-01-21,2026-02-09 16:13:51.204145+00:00,False,0,,manual
TXN-00294,alice,2760.00,KES,expense,Simulated expense transaction,Merchant-17,2025-01-08,2026-02-09 16:13:51.200405+00:00,False,0,,manual
TXN-00293,alice,968.00,KES,refund,Simulated refund transaction,Merchant-18,2025-03-01,2026-02-09 16:13:51.196821+00:00,False,0,,manual
TXN-00292,alice,2895.00,KES,expense,Simulated expense transaction,Merchant-20,2025-02-22,2026-02-09 16:13:51.193722+00:00,False,0,,manual
TXN-00291,alice,3359.00,KES,expense,Simulated expense transaction,Merchant-5,2025-01-21,2026-02-09 16:13:51.190247+00:00,False,0,,manual
TXN-00290,alice,4671.00,KES,refund,Simulated refund transaction,Merchant-17,2025-02-09,2026-02-09 16:13:51.186411+00:00,False,0,,manual
TXN-00289,alice,935.00,KES,sale,Simulated sale transaction,Merchant-20,2025-02-18,2026-02-09 16:13:51.183203+00:00,False,0,,manual
TXN-00288,alice,3230.00,KES,expense,Simulated expense transaction,Merchant-1,2025-02-04,2026-02-09 16:13:51.180045+00:00,False,0,,manual
TXN-00287,alice,2618.00,KES,sale,Simulated sale transaction,Merchant-19,2025-02-22,2026-02-09 16:13:51.176869+00:00,False,0,,manual
TXN-00286,alice,915.00,KES,refund,Simulated refund transaction,Merchant-7,2025-01-18,2026-02-09 16:13:51.173723+00:00,False,0,,manual
TXN-00285,alice,601.00,KES,sale,Simulated sale transaction,Merchant-1,2025-01-30,2026-02-09 16:13:51.170361+00:00,False,0,,manual
TXN-00284,alice,4631.00,KES,sale,Simulated sale transaction,Merchant-9,2025-01-30,2026-02-09 16:13:51.167402+00:00,False,0,,manual
TXN-00283,alice,1088.00,KES,sale,Simulated sale transaction,Merchant-3,2025-01-20,2026-02-09 16:13:51.164302+00:00,False,0,,manual
TXN-00282,alice,4011.00,KES,expense,Simulated expense transaction,Merchant-8,2025-01-13,2026-02-09 16:13:51.161368+00:00,False,0,,manual
TXN-00281,alice,4514.00,KES,expense,Simulated expense transaction,Merchant-15,2025-02-10,2026-02-09 16:13:51.158308+00:00,False,0,,manual
TXN-00280,alice,1039.00,KES,expense,Simulated expense transaction,Merchant-6,2025-01-24,2026-02-09 16:13:51.153965+00:00,False,0,,manual
TXN-00279,alice,160.00,KES,sale,Simulated sale transaction,Merchant-15,2025-02-03,2026-02-09 16:13:51.150817+00:00,False,0,,manual
TXN-00278,alice,762.00,KES,refund,Simulated refund transaction,Merchant-9,2025-01-08,2026-02-09 16:13:51.147663+00:00,False,0,,manual
TXN-00277,alice,3095.00,KES,expense,Simulated expense transaction,Merchant-3,2025-02-15,2026-02-09 16:13:51.143201+00:00,False,0,,manual
TXN-00276,alice,3854.00,KES,refund,Simulated refund transaction,Merchant-7,2025-02-18,2026-02-09 16:13:51.139884+00:00,False,0,,manual
TXN-00275,alice,3428.00,KES,expense,Simulated expense transaction,Merchant-14,2025-02-14,2026-02-09 16:13:51.136147+00:00,False,0,,manual
TXN-00274,alice,4449.00,KES,sale,Simulated sale transaction,Merchant-5,2025-02-15,2026-02-09 16:13:51.132798+00:00,False,0,,manual
TXN-00273,alice,4487.00,KES,expense,Simulated expense transaction,Merchant-8,2025-02-23,2026-02-09 16:13:51.129383+00:00,False,0,,manual
TXN-00272,alice,2432.00,KES,sale,Simulated sale transaction,Merchant-17,2025-02-16,2026-02-09 16:13:51.125965+00:00,False,0,,manual
TXN-00271,employee1,1087.00,KES,expense,Simulated expense transaction,Merchant-13,2025-01-15,2026-02-09 16:13:51.122519+00:00,False,0,,manual
TXN-00270,employee1,2715.00,KES,sale,Simulated sale transaction,Merchant-13,2025-01-17,2026-02-09 16:13:51.119205+00:00,False,0,,manual
TXN-00269,employee1,581.00,KES,expense,Simulated expense transaction,Merchant-10,2025-02-10,2026-02-09 16:13:51.115935+00:00,False,0,,manual
TXN-00268,employee1,385.00,KES,sale,Simulated sale transaction,Merchant-5,2025-02-04,2026-02-09 16:13:51.112705+00:00,False,0,,manual
TXN-00267,employee1,1713.00,KES,sale,Simulated sale transaction,Merchant-17,2025-01-01,2026-02-09 16:13:51.109447+00:00,False,0,,manual
TXN-00266,employee1,4801.00,KES,sale,Simulated sale transaction,Merchant-6,2025-01-03,2026-02-09 16:13:51.106047+00:00,False,0,,manual
TXN-00265,employee1,2700.00,KES,refund,Simulated refund transaction,Merchant-3,2025-02-04,2026-02-09 16:13:51.102760+00:00,False,0,,manual
TXN-00264,employee1,291.00,KES,refund,Simulated refund transaction,Merchant-20,2025-02-01,2026-02-09 16:13:51.099496+00:00,False,0,,manual
TXN-00263,employee1,4165.00,KES,refund,Simulated refund transaction,Merchant-9,2025-01-12,2026-02-09 16:13:51.096464+00:00,False,0,,manual
TXN-00262,employee1,2270.00,KES,expense,Simulated expense transaction,Merchant-4,2025-02-18,2026-02-09 16:13:51.093284+00:00,False,0,,manual
TXN-00261,employee1,396.00,KES,sale,Simulated sale transaction,Merchant-8,2025-02-05,2026-02-09 16:13:51.089855+00:00,False,0,,manual
TXN-00260,employee1,2279.00,KES,sale,Simulated sale transaction,Merchant-14,2025-01-10,2026-02-09 16:13:51.086587+00:00,False,0,,manual
TXN-00259,employee1,2553.00,KES,sale,Simulated sale transaction,Merchant-10,2025-02-04,2026-02-09 16:13:51.082689+00:00,False,0,,manual
TXN-00258,employee1,4727.00,KES,expense,Simulated expense transaction,Merchant-12,2025-02-01,2026-02-09 16:13:51.078639+00:00,False,0,,manual
TXN-00257,employee1,2459.00,KES,expense,Simulated expense transaction,Merchant-15,2025-01-04,2026-02-09 16:13:51.074702+00:00,False,0,,manual
TXN-00256,employee1,989.00,KES,sale,Simulated sale transaction,Merchant-11,2025-02-08,2026-02-09 16:13:51.071232+00:00,False,0,,manual
TXN-00255,employee1,2078.00,KES,sale,Simulated sale transaction,Merchant-20,2025-01-01,2026-02-09 16:13:51.067505+00:00,False,0,,manual
TXN-00254,employee1,3025.00,KES,expense,Simulated expense transaction,Merchant-15,2025-01-15,2026-02-09 16:13:51.063849+00:00,False,0,,manual
TXN-00253,employee1,1159.00,KES,refund,Simulated refund transaction,Merchant-5,2025-01-31,2026-02-09 16:13:51.059834+00:00,False,0,,manual
TXN-00252,employee1,2002.00,KES,expense,Simulated expense transaction,Merchant-11,2025-01-20,2026-02-09 16:13:51.056000+00:00,False,0,,manual
TXN-00251,employee1,1743.00,KES,refund,Simulated refund transaction,Merchant-11,2025-01-07,2026-02-09 16:13:51.052675+00:00,False,0,,manual
TXN-00250,employee1,1585.00,KES,refund,Simulated refund transaction,Merchant-2,2025-02-01,2026-02-09 16:13:51.049195+00:00,False,0,,manual
TXN-00249,employee1,3588.00,KES,sale,Simulated sale transaction,Merchant-11,2025-01-30,2026-02-09 16:13:51.045754+00:00,False,0,,manual
TXN-00248,employee1,4931.00,KES,refund,Simulated refund transaction,Merchant-4,2025-02-25,2026-02-09 16:13:51.042456+00:00,False,0,,manual
TXN-00247,employee1,2652.00,KES,expense,Simulated expense transaction,Merchant-16,2025-01-01,2026-02-09 16:13:51.038949+00:00,False,0,,manual
TXN-00246,employee1,3911.00,KES,refund,Simulated refund transaction,Merchant-19,2025-02-02,2026-02-09 16:13:51.035033+00:00,False,0,,manual
TXN-00245,employee1,3557.00,KES,expense,Simulated expense transaction,Merchant-20,2025-01-07,2026-02-09 16:13:51.031100+00:00,False,0,,manual
TXN-00244,employee1,1407.00,KES,expense,Simulated expense transaction,Merchant-7,2025-01-02,2026-02-09 16:13:51.027334+00:00,False,0,,manual
TXN-00243,employee1,717.00,KES,expense,Simulated expense transaction,Merchant-8,2025-01-30,2026-02-09 16:13:51.023880+00:00,False,0,,manual
TXN-00242,employee1,4797.00,KES,refund,Simulated refund transaction,Merchant-11,2025-01-21,2026-02-09 16:13:51.020097+00:00,False,0,,manual
TXN-00241,employee1,2931.00,KES,sale,Simulated sale transaction,Merchant-20,2025-01-07,2026-02-09 16:13:51.015748+00:00,False,0,,manual
TXN-00240,employee1,1158.00,KES,sale,Simulated sale transaction,Merchant-12,2025-02-06,2026-02-09 16:13:51.011723+00:00,False,0,,manual
TXN-00239,employee1,2983.00,KES,expense,Simulated expense transaction,Merchant-1,2025-02-06,2026-02-09 16:13:51.007843+00:00,False,0,,manual
TXN-00238,employee1,3873.00,KES,refund,Simulated refund transaction,Merchant-16,2025-01-15,2026-02-09 16:13:51.003904+00:00,False,0,,manual
TXN-00237,employee1,1401.00,KES,expense,Simulated expense transaction,Merchant-14,2025-02-20,2026-02-09 16:13:51.000375+00:00,False,0,,manual
TXN-00236,employee1,3344.00,KES,sale,Simulated sale transaction,Merchant-7,2025-02-09,2026-02-09 16:13:50.996926+00:00,False,0,,manual
TXN-00235,employee1,3860.00,KES,sale,Simulated sale transaction,Merchant-2,2025-02-04,2026-02-09 16:13:50.993749+00:00,False,0,,manual
TXN-00234,employee1,2175.00,KES,expense,Simulated expense transaction,Merchant-9,2025-02-02,2026-02-09 16:13:50.990628+00:00,False,0,,manual
TXN-00233,employee1,2814.00,KES,refund,Simulated refund transaction,Merchant-9,2025-01-26,2026-02-09 16:13:50.987291+00:00,False,0,,manual
TXN-00232,employee1,4758.00,KES,expense,Simulated expense transaction,Merchant-1,2025-02-03,2026-02-09 16:13:50.983751+00:00,False,0,,manual
TXN-00231,employee1,1061.00,KES,sale,Simulated sale transaction,Merchant-15,2025-02-09,2026-02-09 16:13:50.980099+00:00,False,0,,manual
TXN-00230,employee1,3966.00,KES,sale,Simulated sale transaction,Merchant-13,2025-01-28,2026-02-09 16:13:50.976100+00:00,False,0,,manual
TXN-00229,employee1,3797.00,KES,refund,Simulated refund transaction,Merchant-17,2025-02-16,2026-02-09 16:13:50.971973+00:00,False,0,,manual
TXN-00228,employee1,3006.00,KES,expense,Simulated expense transaction,Merchant-17,2025-01-12,2026-02-09 16:13:50.967978+00:00,False,0,,manual
TXN-00227,employee1,1296.00,KES,sale,Simulated sale transaction,Merchant-5,2025-01-31,2026-02-09 16:13:50.963695+00:00,False,0,,manual
TXN-00226,employee1,2112.00,KES,refund,Simulated refund transaction,Merchant-12,2025-01-12,2026-02-09 16:13:50.959676+00:00,False,0,,manual
TXN-00225,employee1,1576.00,KES,expense,Simulated expense transaction,Merchant-13,2025-01-07,2026-02-09 16:13:50.956066+00:00,False,0,,manual
TXN-00224,employee1,3880.00,KES,refund,Simulated refund transaction,Merchant-8,2025-01-13,2026-02-09 16:13:50.951987+00:00,False,0,,manual
TXN-00223,employee1,3690.00,KES,sale,Simulated sale transaction,Merchant-15,2025-02-17,2026-02-09 16:13:50.948036+00:00,False,0,,manual
TXN-00222,employee1,2753.00,KES,expense,Simulated expense transaction,Merchant-1,2025-02-17,2026-02-09 16:13:50.944013+00:00,False,0,,manual
TXN-00221,employee3,3422.00,KES,expense,Simulated expense transaction,Merchant-1,2025-02-16,2026-02-09 16:13:50.940729+00:00,False,0,,manual
TXN-00220,employee3,4118.00,KES,refund,Simulated refund transaction,Merchant-17,2025-01-27,2026-02-09 16:13:50.936409+00:00,False,0,,manual
TXN-00219,employee3,2987.00,KES,expense,Simulated expense transaction,Merchant-15,2025-01-01,2026-02-09 16:13:50.932095+00:00,False,0,,manual
TXN-00218,employee3,1492.00,KES,sale,Simulated sale transaction,Merchant-14,2025-02-05,2026-02-09 16:13:50.927788+00:00,False,0,,manual
TXN-00217,employee3,4937.00,KES,sale,Simulated sale transaction,Merchant-16,2025-01-20,2026-02-09 16:13:50.923310+00:00,False,0,,manual
TXN-00216,employee3,2798.00,KES,refund,Simulated refund transaction,Merchant-12,2025-01-24,2026-02-09 16:13:50.919162+00:00,False,0,,manual
TXN-00215,employee3,2836.00,KES,sale,Simulated sale transaction,Merchant-2,2025-01-08,2026-02-09 16:13:50.914796+00:00,False,0,,manual
TXN-00214,employee3,2279.00,KES,expense,Simulated expense transaction,Merchant-14,2025-02-04,2026-02-09 16:13:50.910642+00:00,False,0,,manual
TXN-00213,employee3,1485.00,KES,expense,Simulated expense transaction,Merchant-2,2025-03-02,2026-02-09 16:13:50.888504+00:00,False,0,,manual
TXN-00212,employee3,2325.00,KES,sale,Simulated sale transaction,Merchant-12,2025-02-23,2026-02-09 16:13:50.884079+00:00,False,0,,manual
TXN-00211,employee3,4636.00,KES,refund,Simulated refund transaction,Merchant-12,2025-01-02,2026-02-09 16:13:50.880461+00:00,False,0,,manual
TXN-00210,employee3,486.00,KES,refund,Simulated refund transaction,Merchant-5,2025-02-02,2026-02-09 16:13:50.876541+00:00,False,0,,manual
TXN-00209,employee3,3054.00,KES,sale,Simulated sale transaction,Merchant-13,2025-02-07,2026-02-09 16:13:50.872221+00:00,False,0,,manual
TXN-00208,employee3,1132.00,KES,expense,Simulated expense transaction,Merchant-11,2025-02-28,2026-02-09 16:13:50.867761+00:00,False,0,,manual
TXN-00207,employee3,1906.00,KES,refund,Simulated refund transaction,Merchant-11,2025-02-21,2026-02-09 16:13:50.863265+00:00,False,0,,manual
TXN-00206,employee3,667.00,KES,sale,Simulated sale transaction,Merchant-4,2025-01-20,2026-02-09 16:13:50.859418+00:00,False,0,,manual
TXN-00205,employee3,2809.00,KES,expense,Simulated expense transaction,Merchant-17,2025-02-14,2026-02-09 16:13:50.855529+00:00,False,0,,manual
TXN-00204,employee3,1743.00,KES,sale,Simulated sale transaction,Merchant-19,2025-01-19,2026-02-09 16:13:50.851137+00:00,False,0,,manual
TXN-00203,employee3,4998.00,KES,sale,Simulated sale transaction,Merchant-10,2025-02-01,2026-02-09 16:13:50.846563+00:00,False,0,,manual
TXN-00202,employee3,4858.00,KES,refund,Simulated refund transaction,Merchant-12,2025-01-30,2026-02-09 16:13:50.841874+00:00,False,0,,manual
TXN-00201,employee3,269.00,KES,refund,Simulated refund transaction,Merchant-4,2025-02-21,2026-02-09 16:13:50.837144+00:00,False,0,,manual
TXN-00200,employee3,1382.00,KES,sale,Simulated sale transaction,Merchant-3,2025-02-01,2026-02-09 16:13:50.833058+00:00,False,0,,manual
TXN-00199,employee3,4830.00,KES,sale,Simulated sale transaction,Merchant-5,2025-02-27,2026-02-09 16:13:50.829714+00:00,False,0,,manual
TXN-00198,employee3,3395.00,KES,sale,Simulated sale transaction,Merchant-10,2025-02-11,2026-02-09 16:13:50.826362+00:00,False,0,,manual
TXN-00197,employee3,4237.00,KES,refund,Simulated refund transaction,Merchant-12,2025-01-30,2026-02-09 16:13:50.822647+00:00,False,0,,manual
TXN-00196,employee3,547.00,KES,sale,Simulated sale transaction,Merchant-20,2025-01-20,2026-02-09 16:13:50.818506+00:00,False,0,,manual
TXN-00195,employee3,2224.00,KES,sale,Simulated sale transaction,Merchant-17,2025-02-07,2026-02-09 16:13:50.814166+00:00,False,0,,manual
TXN-00194,employee3,3401.00,KES,refund,Simulated refund transaction,Merchant-8,2025-02-14,2026-02-09 16:13:50.808488+00:00,False,0,,manual
TXN-00193,employee3,1917.00,KES,refund,Simulated refund transaction,Merchant-17,2025-01-12,2026-02-09 16:13:50.804932+00:00,False,0,,manual
TXN-00192,employee3,2633.00,KES,sale,Simulated sale transaction,Merchant-18,2025-02-27,2026-02-09 16:13:50.801318+00:00,False,0,,manual
TXN-00191,employee3,2154.00,KES,refund,Simulated refund transaction,Merchant-14,2025-01-15,2026-02-09 16:13:50.797643+00:00,False,0,,manual
TXN-00190,employee3,4183.00,KES,expense,Simulated expense transaction,Merchant-14,2025-02-02,2026-02-09 16:13:50.794228+00:00,False,0,,manual
TXN-00189,employee3,317.00,KES,sale,Simulated sale transaction,Merchant-19,2025-02-25,2026-02-09 16:13:50.790606+00:00,False,0,,manual
TXN-00188,employee3,176.00,KES,sale,Simulated sale transaction,Merchant-9,2025-01-10,2026-02-09 16:13:50.787386+00:00,False,0,,manual
TXN-00187,employee3,3628.00,KES,refund,Simulated refund transaction,Merchant-20,2025-02-23,2026-02-09 16:13:50.784040+00:00,False,0,,manual
TXN-00186,employee3,4144.00,KES,sale,Simulated sale transaction,Merchant-12,2025-01-10,2026-02-09 16:13:50.780835+00:00,False,0,,manual
TXN-00185,employee3,1661.00,KES,expense,Simulated expense transaction,Merchant-10,2025-01-28,2026-02-09 16:13:50.777014+00:00,False,0,,manual
TXN-00184,employee3,2291.00,KES,refund,Simulated refund transaction,Merchant-19,2025-02-02,2026-02-09 16:13:50.773905+00:00,False,0,,manual
TXN-00183,employee3,138.00,KES,expense,Simulated expense transaction,Merchant-15,2025-01-01,2026-02-09 16:13:50.770772+00:00,False,0,,manual
TXN-00182,employee3,2973.00,KES,sale,Simulated sale transaction,Merchant-6,2025-01-21,2026-02-09 16:13:50.767008+00:00,False,0,,manual
TXN-00181,employee3,3195.00,KES,expense,Simulated expense transaction,Merchant-12,2025-01-15,2026-02-09 16:13:50.763708+00:00,False,0,,manual
TXN-00180,employee3,2258.00,KES,expense,Simulated expense transaction,Merchant-9,2025-03-02,2026-02-09 16:13:50.760265+00:00,False,0,,manual
TXN-00179,employee3,1960.00,KES,sale,Simulated sale transaction,Merchant-8,2025-02-12,2026-02-09 16:13:50.756860+00:00,False,0,,manual
TXN-00178,employee3,3731.00,KES,sale,Simulated sale transaction,Merchant-2,2025-01-31,2026-02-09 16:13:50.753527+00:00,False,0,,manual
TXN-00177,employee3,4077.00,KES,refund,Simulated refund transaction,Merchant-4,2025-03-01,2026-02-09 16:13:50.750152+00:00,False,0,,manual
TXN-00176,employee3,3039.00,KES,sale,Simulated sale transaction,Merchant-14,2025-01-30,2026-02-09 16:13:50.746808+00:00,False,0,,manual
TXN-00175,employee3,1055.00,KES,expense,Simulated expense transaction,Merchant-7,2025-02-05,2026-02-09 16:13:50.743603+00:00,False,0,,manual
TXN-00174,employee3,1091.00,KES,sale,Simulated sale transaction,Merchant-20,2025-02-04,2026-02-09 16:13:50.740022+00:00,False,0,,manual
TXN-00173,employee3,1395.00,KES,expense,Simulated expense transaction,Merchant-7,2025-02-24,2026-02-09 16:13:50.735817+00:00,False,0,,manual
TXN-00172,employee3,4992.00,KES,refund,Simulated refund transaction,Merchant-10,2025-02-26,2026-02-09 16:13:50.732303+00:00,False,0,,manual
TXN-00171,employee2,1555.00,KES,expense,Simulated expense transaction,Merchant-1,2025-02-12,2026-02-09 16:13:50.728966+00:00,False,0,,manual
TXN-00170,employee2,4463.00,KES,refund,Simulated refund transaction,Merchant-20,2025-01-21,2026-02-09 16:13:50.726633+00:00,False,0,,manual
TXN-00169,employee2,3183.00,KES,expense,Simulated expense transaction,Merchant-2,2025-01-24,2026-02-09 16:13:50.724439+00:00,False,0,,manual
TXN-00168,employee2,2820.00,KES,expense,Simulated expense transaction,Merchant-20,2025-03-02,2026-02-09 16:13:50.722247+00:00,False,0,,manual
TXN-00167,employee2,192.00,KES,refund,Simulated refund transaction,Merchant-3,2025-02-23,2026-02-09 16:13:50.720128+00:00,False,0,,manual
TXN-00166,employee2,4004.00,KES,refund,Simulated refund transaction,Merchant-8,2025-01-29,2026-02-09 16:13:50.717462+00:00,False,0,,manual
TXN-00165,employee2,2833.00,KES,sale,Simulated sale transaction,Merchant-12,2025-02-20,2026-02-09 16:13:50.712865+00:00,False,0,,manual
TXN-00164,employee2,1793.00,KES,refund,Simulated refund transaction,Merchant-16,2025-01-24,2026-02-09 16:13:50.709988+00:00,False,0,,manual
TXN-00163,employee2,1022.00,KES,sale,Simulated sale transaction,Merchant-15,2025-02-17,2026-02-09 16:13:50.706895+00:00,False,0,,manual
TXN-00162,employee2,725.00,KES,sale,Simulated sale transaction,Merchant-8,2025-02-12,2026-02-09 16:13:50.703811+00:00,False,0,,manual
TXN-00161,employee2,4273.00,KES,sale,Simulated sale transaction,Merchant-5,2025-01-14,2026-02-09 16:13:50.700842+00:00,False,0,,manual
TXN-00160,employee2,2479.00,KES,expense,Simulated expense transaction,Merchant-13,2025-01-03,2026-02-09 16:13:50.697448+00:00,False,0,,manual
TXN-00159,employee2,1379.00,KES,sale,Simulated sale transaction,Merchant-2,2025-01-12,2026-02-09 16:13:50.694464+00:00,False,0,,manual
TXN-00158,employee2,3976.00,KES,sale,Simulated sale transaction,Merchant-17,2025-01-12,2026-02-09 16:13:50.691498+00:00,False,0,,manual
TXN-00157,employee2,2538.00,KES,sale,Simulated sale transaction,Merchant-7,2025-01-10,2026-02-09 16:13:50.688500+00:00,False,0,,manual
TXN-00156,employee2,3585.00,KES,refund,Simulated refund transaction,Merchant-16,2025-01-06,2026-02-09 16:13:50.685324+00:00,False,0,,manual
TXN-00155,employee2,506.00,KES,sale,Simulated sale transaction,Merchant-15,2025-01-12,2026-02-09 16:13:50.682237+00:00,False,0,,manual
TXN-00154,employee2,1085.00,KES,expense,Simulated expense transaction,Merchant-13,2025-01-16,2026-02-09 16:13:50.679321+00:00,False,0,,manual
TXN-00153,employee2,4056.00,KES,sale,Simulated sale transaction,Merchant-7,2025-01-08,2026-02-09 16:13:50.676418+00:00,False,0,,manual
TXN-00152,employee2,112.00,KES,refund,Simulated refund transaction,Merchant-10,2025-02-08,2026-02-09 16:13:50.673677+00:00,False,0,,manual
TXN-00151,employee2,3383.00,KES,refund,Simulated refund transaction,Merchant-17,2025-02-27,2026-02-09 16:13:50.670783+00:00,False,0,,manual
TXN-00150,employee2,1121.00,KES,refund,Simulated refund transaction,Merchant-1,2025-01-31,2026-02-09 16:13:50.667272+00:00,False,0,,manual
TXN-00149,employee2,3551.00,KES,sale,Simulated sale transaction,Merchant-15,2025-01-19,2026-02-09 16:13:50.664452+00:00,False,0,,manual
TXN-00148,employee2,4757.00,KES,sale,Simulated sale transaction,Merchant-13,2025-02-22,2026-02-09 16:13:50.661685+00:00,False,0,,manual
TXN-00147,employee2,896.00,KES,refund,Simulated refund transaction,Merchant-14,2025-02-08,2026-02-09 16:13:50.658804+00:00,False,0,,manual
TXN-00146,employee2,254.00,KES,expense,Simulated expense transaction,Merchant-8,2025-01-01,2026-02-09 16:13:50.655141+00:00,False,0,,manual
TXN-00145,employee2,3174.00,KES,refund,Simulated refund transaction,Merchant-17,2025-01-12,2026-02-09 16:13:50.651363+00:00,False,0,,manual
TXN-00144,employee2,3449.00,KES,sale,Simulated sale transaction,Merchant-6,2025-01-15,2026-02-09 16:13:50.647838+00:00,False,0,,manual
TXN-00143,employee2,306.00,KES,refund,Simulated refund transaction,Merchant-4,2025-01-25,2026-02-09 16:13:50.644043+00:00,False,0,,manual
TXN-00142,employee2,4167.00,KES,sale,Simulated sale transaction,Merchant-7,2025-01-29,2026-02-09 16:13:50.640230+00:00,False,0,,manual
TXN-00141,employee2,3934.00,KES,refund,Simulated refund transaction,Merchant-17,2025-02-25,2026-02-09 16:13:50.635900+00:00,False,0,,manual
TXN-00140,employee2,1172.00,KES,sale,Simulated sale transaction,Merchant-1,2025-02-19,2026-02-09 16:13:50.631967+00:00,False,0,,manual
TXN-00139,employee2,4783.00,KES,sale,Simulated sale transaction,Merchant-6,2025-01-06,2026-02-09 16:13:50.628258+00:00,False,0,,manual
TXN-00138,employee2,1543.00,KES,refund,Simulated refund transaction,Merchant-18,2025-01-08,2026-02-09 16:13:50.624471+00:00,False,0,,manual
TXN-00137,employee2,2697.00,KES,expense,Simulated expense transaction,Merchant-14,2025-01-31,2026-02-09 16:13:50.620004+00:00,False,0,,manual
TXN-00136,employee2,3482.00,KES,expense,Simulated expense transaction,Merchant-4,2025-01-17,2026-02-09 16:13:50.615756+00:00,False,0,,manual
TXN-00135,employee2,1209.00,KES,sale,Simulated sale transaction,Merchant-8,2025-02-09,2026-02-09 16:13:50.612031+00:00,False,0,,manual
TXN-00134,employee2,3859.00,KES,sale,Simulated sale transaction,Merchant-5,2025-01-04,2026-02-09 16:13:50.608238+00:00,False,0,,manual
TXN-00133,employee2,3341.00,KES,refund,Simulated refund transaction,Merchant-20,2025-02-28,2026-02-09 16:13:50.604163+00:00,False,0,,manual
TXN-00132,employee2,4516.00,KES,refund,Simulated refund transaction,Merchant-20,2025-01-29,2026-02-09 16:13:50.600341+00:00,False,0,,manual
TXN-00131,employee2,3797.00,KES,sale,Simulated sale transaction,Merchant-2,2025-02-08,2026-02-09 16:13:50.596269+00:00,False,0,,manual
TXN-00130,employee2,154.00,KES,refund,Simulated refund transaction,Merchant-13,2025-01-15,2026-02-09 16:13:50.592409+00:00,False,0,,manual
TXN-00129,employee2,2275.00,KES,refund,Simulated refund transaction,Merchant-10,2025-02-25,2026-02-09 16:13:50.587975+00:00,False,0,,manual
TXN-00128,employee2,306.00,KES,refund,Simulated refund transaction,Merchant-5,2025-02-25,2026-02-09 16:13:50.584008+00:00,False,0,,manual
TXN-00127,employee2,1472.00,KES,expense,Simulated expense transaction,Merchant-18,2025-01-31,2026-02-09 16:13:50.580160+00:00,False,0,,manual
TXN-00126,employee2,4326.00,KES,expense,Simulated expense transaction,Merchant-2,2025-01-05,2026-02-09 16:13:50.575908+00:00,False,0,,manual
TXN-00125,employee2,809.00,KES,sale,Simulated sale transaction,Merchant-14,2025-02-18,2026-02-09 16:13:50.572029+00:00,False,0,,manual
TXN-00124,employee2,382.00,KES,refund,Simulated refund transaction,Merchant-9,2025-02-27,2026-02-09 16:13:50.568162+00:00,False,0,,manual
TXN-00123,employee2,589.00,KES,expense,Simulated expense transaction,Merchant-11,2025-02-04,2026-02-09 16:13:50.564247+00:00,False,0,,manual
TXN-00122,employee2,793.00,KES,expense,Simulated expense transaction,Merchant-8,2025-01-27,2026-02-09 16:13:50.560354+00:00,False,0,,manual
TXN-00121,admin,4004.00,KES,sale,Simulated sale transaction,Merchant-16,2025-02-28,2026-02-09 16:13:50.556706+00:00,False,0,,manual
TXN-00120,admin,1666.00,KES,refund,Simulated refund transaction,Merchant-11,2025-02-13,2026-02-09 16:13:50.553389+00:00,False,0,,manual
TXN-00119,admin,4478.00,KES,sale,Simulated sale transaction,Merchant-18,2025-01-21,2026-02-09 16:13:50.549858+00:00,False,0,,manual
TXN-00118,admin,1884.00,KES,expense,Simulated expense transaction,Merchant-9,2025-02-15,2026-02-09 16:13:50.545800+00:00,False,0,,manual
TXN-00117,admin,3466.00,KES,refund,Simulated refund transaction,Merchant-6,2025-01-12,2026-02-09 16:13:50.541898+00:00,False,0,,manual
TXN-00116,admin,1697.00,KES,refund,Simulated refund transaction,Merchant-1,2025-01-01,2026-02-09 16:13:50.538037+00:00,False,0,,manual
TXN-00115,admin,402.00,KES,sale,Simulated sale transaction,Merchant-16,2025-02-10,2026-02-09 16:13:50.534143+00:00,False,0,,manual
TXN-00114,admin,3138.00,KES,refund,Simulated refund transaction,Merchant-19,2025-01-30,2026-02-09 16:13:50.530199+00:00,False,0,,manual
TXN-00113,admin,4885.00,KES,refund,Simulated refund transaction,Merchant-8,2025-01-26,2026-02-09 16:13:50.526249+00:00,False,0,,manual
TXN-00112,admin,635.00,KES,sale,Simulated sale transaction,Merchant-19,2025-02-09,2026-02-09 16:13:50.521289+00:00,False,0,,manual
TXN-00111,admin,1057.00,KES,expense,Simulated expense transaction,Merchant-18,2025-02-07,2026-02-09 16:13:50.517403+00:00,False,0,,manual
TXN-00110,admin,2165.00,KES,refund,Simulated refund transaction,Merchant-17,2025-02-03,2026-02-09 16:13:50.511778+00:00,False,0,,manual
TXN-00109,admin,1621.00,KES,expense,Simulated expense transaction,Merchant-17,2025-02-14,2026-02-09 16:13:50.507821+00:00,False,0,,manual
TXN-00108,admin,4333.00,KES,refund,Simulated refund transaction,Merchant-7,2025-02-08,2026-02-09 16:13:50.503695+00:00,False,0,,manual
TXN-00107,admin,2892.00,KES,sale,Simulated sale transaction,Merchant-14,2025-02-20,2026-02-09 16:13:50.498545+00:00,False,0,,manual
TXN-00106,admin,558.00,KES,refund,Simulated refund transaction,Merchant-1,2025-01-24,2026-02-09 16:13:50.494021+00:00,False,0,,manual
TXN-00105,admin,4366.00,KES,refund,Simulated refund transaction,Merchant-13,2025-02-16,2026-02-09 16:13:50.489740+00:00,False,0,,manual
TXN-00104,admin,4529.00,KES,sale,Simulated sale transaction,Merchant-18,2025-02-04,2026-02-09 16:13:50.485750+00:00,False,0,,manual
TXN-00103,admin,3201.00,KES,sale,Simulated sale transaction,Merchant-12,2025-02-08,2026-02-09 16:13:50.481775+00:00,False,0,,manual
TXN-00102,admin,1770.00,KES,expense,Simulated expense transaction,Merchant-18,2025-01-03,2026-02-09 16:13:50.477869+00:00,False,0,,manual
TXN-00101,admin,4938.00,KES,sale,Simulated sale transaction,Merchant-2,2025-02-05,2026-02-09 16:13:50.474041+00:00,False,0,,manual
TXN-00100,admin,4454.00,KES,expense,Simulated expense transaction,Merchant-9,2025-01-24,2026-02-09 16:13:50.470347+00:00,False,0,,manual
TXN-00099,admin,200.00,KES,sale,Simulated sale transaction,Merchant-1,2025-01-08,2026-02-09 16:13:50.466293+00:00,False,0,,manual
TXN-00098,admin,436.00,KES,expense,Simulated expense transaction,Merchant-12,2025-02-14,2026-02-09 16:13:50.458311+00:00,False,0,,manual
TXN-00097,admin,2840.00,KES,sale,Simulated sale transaction,Merchant-20,2025-01-21,2026-02-09 16:13:50.453862+00:00,False,0,,manual
TXN-00096,admin,1232.00,KES,expense,Simulated expense transaction,Merchant-1,2025-02-08,2026-02-09 16:13:50.449016+00:00,False,0,,manual
TXN-00095,admin,4823.00,KES,expense,Simulated expense transaction,Merchant-3,2025-02-07,2026-02-09 16:13:50.444964+00:00,False,0,,manual
TXN-00094,admin,889.00,KES,refund,Simulated refund transaction,Merchant-13,2025-02-21,2026-02-09 16:13:50.441006+00:00,False,0,,manual
TXN-00093,admin,4763.00,KES,expense,Simulated expense transaction,Merchant-1,2025-01-23,2026-02-09 16:13:50.436936+00:00,False,0,,manual
TXN-00092,admin,1194.00,KES,sale,Simulated sale transaction,Merchant-17,2025-01-27,2026-02-09 16:13:50.428653+00:00,False,0,,manual
TXN-00091,admin,4290.00,KES,expense,Simulated expense transaction,Merchant-13,2025-01-31,2026-02-09 16:13:50.424675+00:00,False,0,,manual
TXN-00090,admin,4658.00,KES,sale,Simulated sale transaction,Merchant-5,2025-01-07,2026-02-09 16:13:50.420779+00:00,False,0,,manual
TXN-00089,admin,1966.00,KES,refund,Simulated refund transaction,Merchant-3,2025-01-23,2026-02-09 16:13:50.416843+00:00,False,0,,manual
TXN-00088,admin,4946.00,KES,sale,Simulated sale transaction,Merchant-5,2025-02-02,2026-02-09 16:13:50.412831+00:00,False,0,,manual
TXN-00087,admin,2251.00,KES,refund,Simulated refund transaction,Merchant-2,2025-02-08,2026-02-09 16:13:50.408975+00:00,False,0,,manual
TXN-00086,admin,2960.00,KES,sale,Simulated sale transaction,Merchant-16,2025-02-02,2026-02-09 16:13:50.404793+00:00,False,0,,manual
TXN-00085,admin,2140.00,KES,expense,Simulated expense transaction,Merchant-1,2025-01-25,2026-02-09 16:13:50.399884+00:00,False,0,,manual
TXN-00084,admin,350.00,KES,expense,Simulated expense transaction,Merchant-10,2025-01-20,2026-02-09 16:13:50.392239+00:00,False,0,,manual
TXN-00083,admin,3507.00,KES,expense,Simulated expense transaction,Merchant-20,2025-02-14,2026-02-09 16:13:50.388744+00:00,False,0,,manual
TXN-00082,admin,2132.00,KES,expense,Simulated expense transaction,Merchant-5,2025-02-19,2026-02-09 16:13:50.384844+00:00,False,0,,manual
TXN-00081,admin,4230.00,KES,expense,Simulated expense transaction,Merchant-20,2025-01-08,2026-02-09 16:13:50.381635+00:00,False,0,,manual
TXN-00080,admin,4040.00,KES,refund,Simulated refund transaction,Merchant-8,2025-01-04,2026-02-09 16:13:50.378337+00:00,False,0,,manual
TXN-00079,admin,557.00,KES,expense,Simulated expense transaction,Merchant-7,2025-01-03,2026-02-09 16:13:50.374929+00:00,False,0,,manual
TXN-00078,admin,3648.00,KES,sale,Simulated sale transaction,Merchant-19,2025-02-26,2026-02-09 16:13:50.371047+00:00,False,0,,manual
TXN-00077,admin,2917.00,KES,refund,Simulated refund transaction,Merchant-8,2025-01-12,2026-02-09 16:13:50.366882+00:00,False,0,,manual
TXN-00076,admin,472.00,KES,sale,Simulated sale transaction,Merchant-1,2025-01-18,2026-02-09 16:13:50.362175+00:00,False,0,,manual
TXN-00075,admin,3072.00,KES,expense,Simulated expense transaction,Merchant-3,2025-02-10,2026-02-09 16:13:50.358688+00:00,False,0,,manual
TXN-00074,admin,3223.00,KES,sale,Simulated sale transaction,Merchant-8,2025-02-21,2026-02-09 16:13:50.353247+00:00,False,0,,manual
TXN-00073,admin,4784.00,KES,refund,Simulated refund transaction,Merchant-1,2025-02-17,2026-02-09 16:13:50.348577+00:00,False,0,,manual
TXN-00072,admin,288.00,KES,sale,Simulated sale transaction,Merchant-6,2025-01-17,2026-02-09 16:13:50.339639+00:00,False,0,,manual
TXN-00071,Neema,2024.00,KES,refund,Simulated refund transaction,Merchant-15,2025-02-26,2026-02-09 16:13:50.335063+00:00,False,0,,manual
TXN-00070,Neema,289.00,KES,refund,Simulated refund transaction,Merchant-9,2025-01-27,2026-02-09 16:13:50.332246+00:00,False,0,,manual
TXN-00069,Neema,3189.00,KES,sale,Simulated sale transaction,Merchant-13,2025-01-16,2026-02-09 16:13:50.329174+00:00,False,0,,manual
TXN-00068,Neema,2303.00,KES,refund,Simulated refund transaction,Merchant-20,2025-02-18,2026-02-09 16:13:50.325864+00:00,False,0,,manual
TXN-00067,Neema,2600.00,KES,expense,Simulated expense transaction,Merchant-20,2025-01-03,2026-02-09 16:13:50.321775+00:00,False,0,,manual
TXN-00066,Neema,116.00,KES,refund,Simulated refund transaction,Merchant-10,2025-02-17,2026-02-09 16:13:50.317955+00:00,False,0,,manual
TXN-00065,Neema,1986.00,KES,refund,Simulated refund transaction,Merchant-10,2025-01-28,2026-02-09 16:13:50.315052+00:00,False,0,,manual
TXN-00064,Neema,1767.00,KES,refund,Simulated refund transaction,Merchant-1,2025-02-08,2026-02-09 16:13:50.312132+00:00,False,0,,manual
TXN-00063,Neema,3765.00,KES,refund,Simulated refund transaction,Merchant-16,2025-01-20,2026-02-09 16:13:50.308656+00:00,False,0,,manual
TXN-00062,Neema,3337.00,KES,expense,Simulated expense transaction,Merchant-12,2025-02-13,2026-02-09 16:13:50.304502+00:00,False,0,,manual
TXN-00061,Neema,2251.00,KES,sale,Simulated sale transaction,Merchant-19,2025-01-26,2026-02-09 16:13:50.300806+00:00,False,0,,manual
TXN-00060,Neema,3032.00,KES,sale,Simulated sale transaction,Merchant-5,2025-02-19,2026-02-09 16:13:50.297655+00:00,False,0,,manual
TXN-00059,Neema,1749.00,KES,refund,Simulated refund transaction,Merchant-19,2025-02-22,2026-02-09 16:13:50.293914+00:00,False,0,,manual
TXN-00058,Neema,909.00,KES,expense,Simulated expense transaction,Merchant-12,2025-01-07,2026-02-09 16:13:50.289129+00:00,False,0,,manual
TXN-00057,Neema,3488.00,KES,expense,Simulated expense transaction,Merchant-9,2025-01-20,2026-02-09 16:13:50.284734+00:00,False,0,,manual
TXN-00056,Neema,1132.00,KES,expense,Simulated expense transaction,Merchant-9,2025-02-14,2026-02-09 16:13:50.281525+00:00,False,0,,manual
TXN-00055,Neema,1866.00,KES,refund,Simulated refund transaction,Merchant-17,2025-02-22,2026-02-09 16:13:50.268521+00:00,False,0,,manual
TXN-00054,Neema,2384.00,KES,expense,Simulated expense transaction,Merchant-1,2025-02-05,2026-02-09 16:13:50.264528+00:00,False,0,,manual
TXN-00053,Neema,878.00,KES,sale,Simulated sale transaction,Merchant-3,2025-01-23,2026-02-09 16:13:50.260639+00:00,False,0,,manual
TXN-00052,Neema,4940.00,KES,sale,Simulated sale transaction,Merchant-3,2025-01-22,2026-02-09 16:13:50.257205+00:00,False,0,,manual
TXN-00051,Neema,306.00,KES,sale,Simulated sale transaction,Merchant-1,2025-02-04,2026-02-09 16:13:50.252530+00:00,False,0,,manual
TXN-00050,Neema,1910.00,KES,expense,Simulated expense transaction,Merchant-19,2025-01-24,2026-02-09 16:13:50.248651+00:00,False,0,,manual
TXN-00049,Neema,4033.00,KES,expense,Simulated expense transaction,Merchant-16,2025-02-11,2026-02-09 16:13:50.243299+00:00,False,0,,manual
TXN-00048,Neema,3987.00,KES,expense,Simulated expense transaction,Merchant-1,2025-01-02,2026-02-09 16:13:50.238701+00:00,False,0,,manual
TXN-00047,Neema,357.00,KES,sale,Simulated sale transaction,Merchant-4,2025-02-12,2026-02-09 16:13:50.234057+00:00,False,0,,manual
TXN-00046,Neema,2238.00,KES,expense,Simulated expense transaction,Merchant-18,2025-01-03,2026-02-09 16:13:50.229904+00:00,False,0,,manual
TXN-00045,Neema,2347.00,KES,expense,Simulated expense transaction,Merchant-20,2025-01-19,2026-02-09 16:13:50.226465+00:00,False,0,,manual
TXN-00044,Neema,4897.00,KES,expense,Simulated expense transaction,Merchant-8,2025-02-17,2026-02-09 16:13:50.222258+00:00,False,0,,manual
TXN-00043,Neema,2383.00,KES,refund,Simulated refund transaction,Merchant-5,2025-01-23,2026-02-09 16:13:50.218640+00:00,False,0,,manual
TXN-00042,Neema,4588.00,KES,refund,Simulated refund transaction,Merchant-6,2025-02-21,2026-02-09 16:13:50.213870+00:00,False,0,,manual
TXN-00041,Neema,548.00,KES,sale,Simulated sale transaction,Merchant-8,2025-01-19,2026-02-09 16:13:50.210990+00:00,False,0,,manual
TXN-00040,Neema,222.00,KES,expense,Simulated expense transaction,Merchant-6,2025-01-13,2026-02-09 16:13:50.207748+00:00,False,0,,manual
TXN-00039,Neema,4168.00,KES,expense,Simulated expense transaction,Merchant-11,2025-01-14,2026-02-09 16:13:50.204696+00:00,False,0,,manual
TXN-00038,Neema,101.00,KES,refund,Simulated refund transaction,Merchant-5,2025-02-16,2026-02-09 16:13:50.201526+00:00,False,0,,manual
TXN-00037,Neema,1659.00,KES,refund,Simulated refund transaction,Merchant-16,2025-03-02,2026-02-09 16:13:50.198114+00:00,False,0,,manual
TXN-00036,Neema,2068.00,KES,expense,Simulated expense transaction,Merchant-1,2025-01-03,2026-02-09 16:13:50.194546+00:00,False,0,,manual
TXN-00035,Neema,3799.00,KES,expense,Simulated expense transaction,Merchant-11,2025-02-03,2026-02-09 16:13:50.188762+00:00,False,0,,manual
TXN-00034,Neema,3979.00,KES,expense,Simulated expense transaction,Merchant-6,2025-02-13,2026-02-09 16:13:50.184560+00:00,False,0,,manual
TXN-00033,Neema,2816.00,KES,expense,Simulated expense transaction,Merchant-7,2025-01-26,2026-02-09 16:13:50.180213+00:00,False,0,,manual
TXN-00032,Neema,3811.00,KES,expense,Simulated expense transaction,Merchant-3,2025-01-23,2026-02-09 16:13:50.176524+00:00,False,0,,manual
TXN-00031,Neema,4757.00,KES,expense,Simulated expense transaction,Merchant-10,2025-01-12,2026-02-09 16:13:50.170955+00:00,False,0,,manual
TXN-00030,Neema,2290.00,KES,refund,Simulated refund transaction,Merchant-11,2025-01-17,2026-02-09 16:13:50.166630+00:00,False,0,,manual
TXN-00029,Neema,2370.00,KES,refund,Simulated refund transaction,Merchant-17,2025-01-28,2026-02-09 16:13:50.162735+00:00,False,0,,manual
TXN-00028,Neema,2243.00,KES,refund,Simulated refund transaction,Merchant-19,2025-01-15,2026-02-09 16:13:50.156897+00:00,False,0,,manual
TXN-00027,Neema,3378.00,KES,sale,Simulated sale transaction,Merchant-11,2025-01-09,2026-02-09 16:13:50.151118+00:00,False,0,,manual
TXN-00026,Neema,4539.00,KES,expense,Simulated expense transaction,Merchant-15,2025-01-25,2026-02-09 16:13:50.145893+00:00,False,0,,manual
TXN-00025,Neema,3106.00,KES,sale,Simulated sale transaction,Merchant-8,2025-02-23,2026-02-09 16:13:50.141710+00:00,False,0,,manual
TXN-00024,Neema,2104.00,KES,sale,Simulated sale transaction,Merchant-2,2025-02-21,2026-02-09 16:13:50.136631+00:00,False,0,,manual
TXN-00023,Neema,2070.00,KES,refund,Simulated refund transaction,Merchant-4,2025-02-11,2026-02-09 16:13:50.132648+00:00,False,0,,manual
TXN-00022,Neema,3180.00,KES,expense,Simulated expense transaction,Merchant-12,2025-02-03,2026-02-09 16:13:50.078237+00:00,False,0,,manual
TXN-203,Neema,200.00,KES,refund,Partial refund,Customer Y,2026-02-08,2026-02-09 10:31:12.974227+00:00,True,60,"Duplicate transaction_id 'TXN-203' detected; Employee submitted 5 transactions on 2026-02-08, exceeding 3",csv
TXN-202,Neema,5000.00,KES,sale,Product sale,Customer X,2026-02-08,2026-02-09 10:31:12.964963+00:00,True,90,"Duplicate transaction_id 'TXN-202' detected; Transaction amount 5000.0 exceeds threshold 2000; Employee submitted 4 transactions on 2026-02-08, exceeding 3",csv
TXN-201,Neema,1500.00,KES,expense,Office chairs,Naivas,2026-02-08,2026-02-09 10:31:12.952170+00:00,True,60,"Duplicate transaction_id 'TXN-201' detected; Employee submitted 3 transactions on 2026-02-08, exceeding 3",csv
TXN1009,Neema,2500.00,KES,expense,Office supplies,Naivas,2026-02-09,2026-02-09 10:23:28.614816+00:00,True,70,Duplicate transaction_id 'TXN1009' detected; Transaction amount 2500.0 exceeds threshold 2000,manual
TXN-591,Neema,2500.00,KES,expense,Laptop purchase,Tech World,2026-02-08,2026-02-09 10:17:14.516773+00:00,False,0,,manual
TXN-501,Neema,2500.00,KES,expense,Laptop purchase,Tech World,2026-02-08,2026-02-08 20:29:39.714107+00:00,False,0,,manual
TXN-301,Neema,2500.00,KES,expense,Team lunch,Hotel XYZ,2025-02-18,2026-02-08 20:06:18.988646+00:00,True,70,Duplicate transaction_id 'TXN-301' detected; Transaction amount 2500.0 exceeds threshold 2000,manual
TXN-111,Neema,1200.00,KES,expense,Office stationery,Naivas,2025-02-01,2026-02-08 16:20:08.240190+00:00,False,0,,manual
TXN-110,Neema,350.00,KES,expense,Snacks for team,Local Shop,2025-01-24,2026-02-08 15:24:07.885783+00:00,False,0,,csv
TXN-109,Neema,700.00,KES,expense,Printer ink,Office Depot,2025-01-23,2026-02-08 15:24:07.882175+00:00,False,0,,csv
TXN-108,Neema,4000.00,KES,sale,Product sale,Customer E,2025-01-22,2026-02-08 15:24:07.878518+00:00,False,0,,csv
TXN-107,Neema,200.00,KES,refund,Partial refund,Customer D,2025-01-21,2026-02-08 15:24:07.875851+00:00,False,0,,csv
TXN-106,Neema,1500.00,KES,sale,Service income,Customer C,2025-01-20,2026-02-08 15:24:07.872845+00:00,False,0,,csv
TXN-105,Neema,800.00,KES,expense,Coffee supplies,Cafe Express,2025-01-19,2026-02-08 15:24:07.868849+00:00,False,0,,csv
TXN-104,Neema,2500.00,KES,expense,Laptop purchase,Tech World,2025-01-18,2026-02-08 15:24:07.866612+00:00,False,0,,csv
TXN-103,Neema,500.00,KES,refund,Customer refund,Customer B,2025-01-17,2026-02-08 15:24:07.863716+00:00,False,0,,csv
TXN-102,Neema,3000.00,KES,sale,Product sale,Customer A,2025-01-16,2026-02-08 15:24:07.860464+00:00,False,0,,csv
TXN-101,Neema,1200.00,KES,expense,Office stationery purchase,Naivas,2025-01-15,2026-02-08 15:24:07.806481+00:00,False,0,,csv
TXN-003,Neema,500.00,,refund,Customer refund,,2025-01-17,2026-02-08 13:55:02.558943+00:00,False,0,,csv
TXN-002,Neema,3000.00,KES,sale,Product sale,,2025-01-16,2026-02-08 13:55:02.554735+00:00,False,0,,csv
TXN-001,Neema,1200.50,KES,expense,Office stationery purchase,,2025-01-15,2026-02-08 13:55:02.485064+00:00,False,0,,csv
